id,File Duration,Culture,Location,Gender
ACO01A,0:00:06,Afr-Colombians,Colombia,F
ACO01B,0:00:09,Afr-Colombians,Colombia,F
ACO01C,0:00:05,Afr-Colombians,Colombia,F
ACO01D,0:00:08,Afr-Colombians,Colombia,F
ACO02A,0:00:09,Afr-Colombians,Colombia,M
ACO02B,0:00:08,Afr-Colombians,Colombia,M
ACO02C,0:00:06,Afr-Colombians,Colombia,M
ACO02D,0:00:10,Afr-Colombians,Colombia,M
ACO03A,0:00:32,Afr-Colombians,Colombia,F
ACO03B,0:00:06,Afr-Colombians,Colombia,F
ACO03C,0:00:06,Afr-Colombians,Colombia,F
ACO03D,0:00:12,Afr-Colombians,Colombia,F
ACO04A,0:00:14,Afr-Colombians,Colombia,F
ACO04B,0:00:04,Afr-Colombians,Colombia,F
ACO04C,0:00:11,Afr-Colombians,Colombia,F
ACO04D,0:00:07,Afr-Colombians,Colombia,F
ACO05A,0:00:39,Afr-Colombians,Colombia,F
ACO05B,0:00:10,Afr-Colombians,Colombia,F
ACO05C,0:00:16,Afr-Colombians,Colombia,F
ACO05D,0:00:48,Afr-Colombians,Colombia,F
ACO06A,0:00:23,Afr-Colombians,Colombia,F
ACO06C,0:00:20,Afr-Colombians,Colombia,F
ACO06D,0:00:02,Afr-Colombians,Colombia,F
ACO07A,0:00:24,Afr-Colombians,Colombia,M
ACO07C,0:00:39,Afr-Colombians,Colombia,M
ACO07D,0:00:06,Afr-Colombians,Colombia,M
ACO08A,0:00:53,Afr-Colombians,Colombia,F
ACO08B,0:00:10,Afr-Colombians,Colombia,F
ACO08C,0:01:41,Afr-Colombians,Colombia,F
ACO08D,0:00:34,Afr-Colombians,Colombia,F
ACO09A,0:00:14,Afr-Colombians,Colombia,F
ACO09B,0:00:04,Afr-Colombians,Colombia,F
ACO09C,0:00:09,Afr-Colombians,Colombia,F
ACO09D,0:00:13,Afr-Colombians,Colombia,F
ACO10A,0:00:20,Afr-Colombians,Colombia,F
ACO10B,0:00:01,Afr-Colombians,Colombia,F
ACO10C,0:00:44,Afr-Colombians,Colombia,F
ACO10D,0:00:20,Afr-Colombians,Colombia,F
ACO11A,0:00:13,Afr-Colombians,Colombia,F
ACO11B,0:00:06,Afr-Colombians,Colombia,F
ACO11C,0:00:03,Afr-Colombians,Colombia,F
ACO11D,0:00:04,Afr-Colombians,Colombia,F
ACO12A,0:00:06,Afr-Colombians,Colombia,F
ACO12B,0:00:01,Afr-Colombians,Colombia,F
ACO12C,0:00:37,Afr-Colombians,Colombia,F
ACO12D,0:00:03,Afr-Colombians,Colombia,F
ACO13A,0:00:34,Afr-Colombians,Colombia,F
ACO13B,0:00:03,Afr-Colombians,Colombia,F
ACO13C,0:00:40,Afr-Colombians,Colombia,F
ACO13D,0:00:02,Afr-Colombians,Colombia,F
ACO14A,0:00:28,Afr-Colombians,Colombia,M
ACO14B,0:00:10,Afr-Colombians,Colombia,M
ACO14D,0:00:03,Afr-Colombians,Colombia,M
ARA01A,0:00:23,Arawak,Guyana,F
ARA01B,0:00:02,Arawak,Guyana,F
ARA01C,0:00:20,Arawak,Guyana,F
ARA01D,0:00:04,Arawak,Guyana,F
ARA02A,0:00:14,Arawak,Guyana,F
ARA02B,0:00:03,Arawak,Guyana,F
ARA02C,0:00:03,Arawak,Guyana,F
ARA02D,0:00:02,Arawak,Guyana,F
ARA03A,0:00:15,Arawak,Guyana,F
ARA03B,0:00:01,Arawak,Guyana,F
ARA03C,0:00:18,Arawak,Guyana,F
ARA03D,0:00:02,Arawak,Guyana,F
ARA04A,0:00:31,Arawak,Guyana,F
ARA04B,0:00:12,Arawak,Guyana,F
ARA04C,0:00:07,Arawak,Guyana,F
ARA04D,0:00:19,Arawak,Guyana,F
ARA05A,0:00:14,Arawak,Guyana,F
ARA05B,0:00:13,Arawak,Guyana,F
ARA05C,0:00:06,Arawak,Guyana,F
ARA05D,0:00:02,Arawak,Guyana,F
ARA06A,0:00:15,Arawak,Guyana,F
ARA06B,0:00:06,Arawak,Guyana,F
ARA06C,0:00:16,Arawak,Guyana,F
ARA06D,0:00:02,Arawak,Guyana,F
ARA07A,0:00:21,Arawak,Guyana,F
ARA07B,0:00:06,Arawak,Guyana,F
ARA07C,0:00:16,Arawak,Guyana,F
ARA07D,0:00:02,Arawak,Guyana,F
ARA08A,0:00:06,Arawak,Guyana,M
ARA08B,0:00:05,Arawak,Guyana,M
ARA08C,0:00:09,Arawak,Guyana,M
ARA08D,0:00:11,Arawak,Guyana,M
ARA09A,0:00:03,Arawak,Guyana,F
ARA09B,0:00:17,Arawak,Guyana,F
ARA09C,0:00:04,Arawak,Guyana,F
ARA09D,0:00:04,Arawak,Guyana,F
ARA10A,0:00:19,Arawak,Guyana,F
ARA10B,0:00:07,Arawak,Guyana,F
ARA10C,0:00:09,Arawak,Guyana,F
ARA10D,0:00:08,Arawak,Guyana,F
ARA11A,0:00:18,Arawak,Guyana,F
ARA11B,0:00:06,Arawak,Guyana,F
ARA11C,0:00:12,Arawak,Guyana,F
ARA11D,0:00:08,Arawak,Guyana,F
ARA12A,0:00:14,Arawak,Guyana,F
ARA12B,0:00:07,Arawak,Guyana,F
ARA12C,0:00:08,Arawak,Guyana,F
ARA12D,0:00:06,Arawak,Guyana,F
BEJ01A,0:00:33,Urban Beijing,China,F
BEJ01B,0:00:15,Urban Beijing,China,F
BEJ01C,0:00:24,Urban Beijing,China,F
BEJ01D,0:00:15,Urban Beijing,China,F
BEJ02A,0:00:20,Urban Beijing,China,F
BEJ02B,0:00:10,Urban Beijing,China,F
BEJ02C,0:00:20,Urban Beijing,China,F
BEJ02D,0:00:19,Urban Beijing,China,F
BEJ03A,0:00:30,Urban Beijing,China,F
BEJ03B,0:00:18,Urban Beijing,China,F
BEJ03C,0:00:33,Urban Beijing,China,F
BEJ03D,0:00:14,Urban Beijing,China,F
BEJ04A,0:00:06,Urban Beijing,China,F
BEJ04B,0:00:07,Urban Beijing,China,F
BEJ04C,0:00:22,Urban Beijing,China,F
BEJ04D,0:00:12,Urban Beijing,China,F
BEJ05A,0:00:09,Urban Beijing,China,F
BEJ05B,0:00:07,Urban Beijing,China,F
BEJ05C,0:00:13,Urban Beijing,China,F
BEJ05D,0:00:12,Urban Beijing,China,F
BEJ06A,0:00:17,Urban Beijing,China,F
BEJ06B,0:00:09,Urban Beijing,China,F
BEJ06C,0:00:25,Urban Beijing,China,F
BEJ06D,0:00:08,Urban Beijing,China,F
BEJ07A,0:00:28,Urban Beijing,China,F
BEJ07B,0:00:08,Urban Beijing,China,F
BEJ07C,0:00:17,Urban Beijing,China,F
BEJ07D,0:00:21,Urban Beijing,China,F
BEJ08A,0:00:16,Urban Beijing,China,F
BEJ08B,0:00:09,Urban Beijing,China,F
BEJ08C,0:00:31,Urban Beijing,China,F
BEJ08D,0:00:10,Urban Beijing,China,F
BEJ09A,0:00:28,Urban Beijing,China,F
BEJ09B,0:00:27,Urban Beijing,China,F
BEJ09C,0:00:39,Urban Beijing,China,F
BEJ09D,0:00:08,Urban Beijing,China,F
BEJ10A,0:00:09,Urban Beijing,China,F
BEJ10B,0:00:11,Urban Beijing,China,F
BEJ10C,0:00:27,Urban Beijing,China,F
BEJ10D,0:00:17,Urban Beijing,China,F
BEJ11A,0:00:08,Urban Beijing,China,F
BEJ11B,0:00:10,Urban Beijing,China,F
BEJ11C,0:01:01,Urban Beijing,China,F
BEJ11D,0:00:25,Urban Beijing,China,F
BEJ12A,0:00:14,Urban Beijing,China,M
BEJ12B,0:00:07,Urban Beijing,China,M
BEJ12C,0:00:19,Urban Beijing,China,M
BEJ12D,0:00:10,Urban Beijing,China,M
BEJ13A,0:00:24,Urban Beijing,China,F
BEJ13B,0:00:05,Urban Beijing,China,F
BEJ13C,0:00:51,Urban Beijing,China,F
BEJ13D,0:00:21,Urban Beijing,China,F
BEJ14A,0:00:16,Urban Beijing,China,F
BEJ14B,0:00:08,Urban Beijing,China,F
BEJ14C,0:00:32,Urban Beijing,China,F
BEJ14D,0:00:11,Urban Beijing,China,F
BEJ15A,0:00:21,Urban Beijing,China,F
BEJ15B,0:00:19,Urban Beijing,China,F
BEJ15C,0:00:55,Urban Beijing,China,F
BEJ15D,0:00:25,Urban Beijing,China,F
BEJ16A,0:00:36,Urban Beijing,China,F
BEJ16B,0:00:12,Urban Beijing,China,F
BEJ16C,0:00:40,Urban Beijing,China,F
BEJ16D,0:00:35,Urban Beijing,China,F
BEJ17A,0:00:14,Urban Beijing,China,F
BEJ17B,0:00:13,Urban Beijing,China,F
BEJ17C,0:00:43,Urban Beijing,China,F
BEJ17D,0:00:09,Urban Beijing,China,F
BEJ18A,0:00:20,Urban Beijing,China,F
BEJ18B,0:00:09,Urban Beijing,China,F
BEJ18C,0:00:18,Urban Beijing,China,F
BEJ18D,0:00:08,Urban Beijing,China,F
BEJ19A,0:00:23,Urban Beijing,China,F
BEJ19B,0:00:18,Urban Beijing,China,F
BEJ19C,0:00:27,Urban Beijing,China,F
BEJ19D,0:00:22,Urban Beijing,China,F
BEJ20A,0:01:00,Urban Beijing,China,F
BEJ20B,0:00:18,Urban Beijing,China,F
BEJ20C,0:00:35,Urban Beijing,China,F
BEJ20D,0:00:32,Urban Beijing,China,F
BEJ21A,0:00:17,Urban Beijing,China,M
BEJ21B,0:00:14,Urban Beijing,China,M
BEJ21C,0:00:21,Urban Beijing,China,M
BEJ21D,0:00:14,Urban Beijing,China,M
BEJ22A,0:00:21,Urban Beijing,China,M
BEJ22B,0:00:12,Urban Beijing,China,M
BEJ22C,0:00:12,Urban Beijing,China,M
BEJ22D,0:00:19,Urban Beijing,China,M
BEJ23A,0:00:41,Urban Beijing,China,M
BEJ23B,0:00:07,Urban Beijing,China,M
BEJ23C,0:01:12,Urban Beijing,China,M
BEJ23D,0:00:12,Urban Beijing,China,M
BEJ24A,0:00:42,Urban Beijing,China,M
BEJ24B,0:00:16,Urban Beijing,China,M
BEJ24C,0:00:45,Urban Beijing,China,M
BEJ24D,0:00:34,Urban Beijing,China,M
BEJ25A,0:00:22,Urban Beijing,China,F
BEJ25B,0:00:06,Urban Beijing,China,F
BEJ25C,0:00:19,Urban Beijing,China,F
BEJ25D,0:00:26,Urban Beijing,China,F
BEJ26A,0:00:16,Urban Beijing,China,F
BEJ26B,0:00:19,Urban Beijing,China,F
BEJ26C,0:00:26,Urban Beijing,China,F
BEJ26D,0:00:18,Urban Beijing,China,F
BEJ27A,0:00:10,Urban Beijing,China,F
BEJ27B,0:00:06,Urban Beijing,China,F
BEJ27C,0:00:27,Urban Beijing,China,F
BEJ27D,0:00:15,Urban Beijing,China,F
BEJ28A,0:00:30,Urban Beijing,China,F
BEJ28B,0:00:07,Urban Beijing,China,F
BEJ28C,0:00:46,Urban Beijing,China,F
BEJ28D,0:00:20,Urban Beijing,China,F
BEJ29A,0:00:20,Urban Beijing,China,F
BEJ29B,0:00:04,Urban Beijing,China,F
BEJ29C,0:00:25,Urban Beijing,China,F
BEJ29D,0:00:06,Urban Beijing,China,F
BEJ30A,0:00:31,Urban Beijing,China,F
BEJ30B,0:00:08,Urban Beijing,China,F
BEJ30C,0:00:15,Urban Beijing,China,F
BEJ30D,0:00:20,Urban Beijing,China,F
BEJ31A,0:00:49,Urban Beijing,China,M
BEJ31B,0:00:15,Urban Beijing,China,M
BEJ31C,0:00:47,Urban Beijing,China,M
BEJ31D,0:00:31,Urban Beijing,China,M
HAD01A,0:00:41,Hadza,Tanzania,M
HAD01B,0:00:21,Hadza,Tanzania,M
HAD01C,0:00:40,Hadza,Tanzania,M
HAD01D,0:01:03,Hadza,Tanzania,M
HAD02A,0:00:27,Hadza,Tanzania,F
HAD02B,0:00:13,Hadza,Tanzania,F
HAD02C,0:00:21,Hadza,Tanzania,F
HAD02D,0:00:17,Hadza,Tanzania,F
HAD03A,0:00:36,Hadza,Tanzania,M
HAD03B,0:00:19,Hadza,Tanzania,M
HAD03C,0:00:51,Hadza,Tanzania,M
HAD03D,0:00:24,Hadza,Tanzania,M
HAD04A,0:00:23,Hadza,Tanzania,M
HAD04B,0:00:22,Hadza,Tanzania,M
HAD04C,0:00:37,Hadza,Tanzania,M
HAD04D,0:00:32,Hadza,Tanzania,M
HAD05A,0:00:16,Hadza,Tanzania,F
HAD05B,0:00:15,Hadza,Tanzania,F
HAD05C,0:00:18,Hadza,Tanzania,F
HAD05D,0:00:17,Hadza,Tanzania,F
HAD06A,0:00:47,Hadza,Tanzania,F
HAD06B,0:00:24,Hadza,Tanzania,F
HAD06C,0:00:34,Hadza,Tanzania,F
HAD06D,0:00:37,Hadza,Tanzania,F
HAD07A,0:00:26,Hadza,Tanzania,F
HAD07B,0:00:17,Hadza,Tanzania,F
HAD07C,0:00:33,Hadza,Tanzania,F
HAD07D,0:00:22,Hadza,Tanzania,F
HAD08A,0:00:31,Hadza,Tanzania,M
HAD08B,0:00:19,Hadza,Tanzania,M
HAD08C,0:01:00,Hadza,Tanzania,M
HAD08D,0:00:50,Hadza,Tanzania,M
HAD09A,0:00:25,Hadza,Tanzania,F
HAD09B,0:00:23,Hadza,Tanzania,F
HAD09C,0:00:33,Hadza,Tanzania,F
HAD09D,0:00:55,Hadza,Tanzania,F
HAD10B,0:00:17,Hadza,Tanzania,F
HAD10D,0:00:32,Hadza,Tanzania,F
JEN01A,0:00:29,Jenu Kurubas,India,F
JEN01B,0:00:13,Jenu Kurubas,India,F
JEN01C,0:00:58,Jenu Kurubas,India,F
JEN01D,0:00:09,Jenu Kurubas,India,F
JEN02A,0:01:21,Jenu Kurubas,India,F
JEN02B,0:00:08,Jenu Kurubas,India,F
JEN02C,0:00:16,Jenu Kurubas,India,F
JEN02D,0:00:03,Jenu Kurubas,India,F
JEN03A,0:00:28,Jenu Kurubas,India,F
JEN03B,0:00:04,Jenu Kurubas,India,F
JEN03C,0:00:32,Jenu Kurubas,India,F
JEN03D,0:00:05,Jenu Kurubas,India,F
JEN04A,0:00:21,Jenu Kurubas,India,F
JEN04B,0:00:07,Jenu Kurubas,India,F
JEN04C,0:00:15,Jenu Kurubas,India,F
JEN04D,0:00:24,Jenu Kurubas,India,F
JEN05A,0:00:17,Jenu Kurubas,India,F
JEN05B,0:00:02,Jenu Kurubas,India,F
JEN05C,0:00:24,Jenu Kurubas,India,F
JEN05D,0:00:04,Jenu Kurubas,India,F
JEN06A,0:00:15,Jenu Kurubas,India,F
JEN06B,0:00:27,Jenu Kurubas,India,F
JEN06C,0:00:07,Jenu Kurubas,India,F
JEN06D,0:00:11,Jenu Kurubas,India,F
JEN07A,0:00:34,Jenu Kurubas,India,F
JEN07B,0:00:17,Jenu Kurubas,India,F
JEN07C,0:00:29,Jenu Kurubas,India,F
JEN07D,0:00:12,Jenu Kurubas,India,F
JEN08A,0:00:36,Jenu Kurubas,India,F
JEN08B,0:00:07,Jenu Kurubas,India,F
JEN08C,0:00:22,Jenu Kurubas,India,F
JEN08D,0:00:25,Jenu Kurubas,India,F
JEN09A,0:00:32,Jenu Kurubas,India,F
JEN09B,0:00:15,Jenu Kurubas,India,F
JEN09C,0:00:25,Jenu Kurubas,India,F
JEN09D,0:00:05,Jenu Kurubas,India,F
JEN10A,0:00:20,Jenu Kurubas,India,F
JEN10B,0:00:12,Jenu Kurubas,India,F
JEN10C,0:00:22,Jenu Kurubas,India,F
JEN10D,0:00:22,Jenu Kurubas,India,F
JEN11A,0:00:36,Jenu Kurubas,India,F
JEN11B,0:00:14,Jenu Kurubas,India,F
JEN11C,0:00:25,Jenu Kurubas,India,F
JEN11D,0:00:21,Jenu Kurubas,India,F
JEN12A,0:00:32,Jenu Kurubas,India,F
JEN12B,0:00:31,Jenu Kurubas,India,F
JEN12C,0:00:36,Jenu Kurubas,India,F
JEN12D,0:00:30,Jenu Kurubas,India,F
JEN13A,0:00:37,Jenu Kurubas,India,F
JEN13B,0:00:05,Jenu Kurubas,India,F
JEN13C,0:00:35,Jenu Kurubas,India,F
JEN13D,0:00:19,Jenu Kurubas,India,F
JEN14A,0:00:17,Jenu Kurubas,India,F
JEN14B,0:00:05,Jenu Kurubas,India,F
JEN14C,0:00:27,Jenu Kurubas,India,F
JEN14D,0:00:14,Jenu Kurubas,India,F
JEN15A,0:00:11,Jenu Kurubas,India,F
JEN15B,0:00:11,Jenu Kurubas,India,F
JEN15C,0:00:33,Jenu Kurubas,India,F
JEN15D,0:00:19,Jenu Kurubas,India,F
JEN16A,0:00:15,Jenu Kurubas,India,F
JEN16B,0:00:06,Jenu Kurubas,India,F
JEN16C,0:00:19,Jenu Kurubas,India,F
JEN16D,0:00:29,Jenu Kurubas,India,F
JEN17A,0:00:35,Jenu Kurubas,India,F
JEN17B,0:00:33,Jenu Kurubas,India,F
JEN17C,0:00:26,Jenu Kurubas,India,F
JEN17D,0:00:28,Jenu Kurubas,India,F
JEN18A,0:00:33,Jenu Kurubas,India,F
JEN18B,0:00:51,Jenu Kurubas,India,F
JEN18C,0:00:42,Jenu Kurubas,India,F
JEN18D,0:00:10,Jenu Kurubas,India,F
JEN19A,0:00:14,Jenu Kurubas,India,F
JEN19B,0:00:08,Jenu Kurubas,India,F
JEN19C,0:00:16,Jenu Kurubas,India,F
JEN19D,0:00:50,Jenu Kurubas,India,F
JEN20A,0:00:24,Jenu Kurubas,India,F
JEN20B,0:00:23,Jenu Kurubas,India,F
JEN20C,0:00:21,Jenu Kurubas,India,F
JEN20D,0:00:05,Jenu Kurubas,India,F
KRA01A,0:00:14,Krakow,Poland,F
KRA01B,0:00:07,Krakow,Poland,F
KRA01C,0:00:09,Krakow,Poland,F
KRA01D,0:00:04,Krakow,Poland,F
KRA02A,0:00:41,Krakow,Poland,F
KRA02B,0:00:35,Krakow,Poland,F
KRA02C,0:00:31,Krakow,Poland,F
KRA02D,0:00:19,Krakow,Poland,F
KRA03A,0:00:37,Krakow,Poland,F
KRA03B,0:00:28,Krakow,Poland,F
KRA03C,0:00:28,Krakow,Poland,F
KRA03D,0:00:25,Krakow,Poland,F
KRA04A,0:00:33,Krakow,Poland,F
KRA04B,0:00:25,Krakow,Poland,F
KRA04C,0:00:30,Krakow,Poland,F
KRA04D,0:00:09,Krakow,Poland,F
KRA05A,0:00:26,Krakow,Poland,F
KRA05B,0:00:22,Krakow,Poland,F
KRA05C,0:00:16,Krakow,Poland,F
KRA05D,0:00:11,Krakow,Poland,F
KRA06A,0:00:40,Krakow,Poland,F
KRA06B,0:00:16,Krakow,Poland,F
KRA06C,0:00:18,Krakow,Poland,F
KRA06D,0:00:06,Krakow,Poland,F
KRA07A,0:00:32,Krakow,Poland,F
KRA07B,0:00:30,Krakow,Poland,F
KRA07C,0:00:21,Krakow,Poland,F
KRA07D,0:00:12,Krakow,Poland,F
KRA08A,0:00:32,Krakow,Poland,F
KRA08B,0:00:39,Krakow,Poland,F
KRA08C,0:00:24,Krakow,Poland,F
KRA08D,0:00:18,Krakow,Poland,F
KRA09A,0:00:38,Krakow,Poland,F
KRA09B,0:00:31,Krakow,Poland,F
KRA09C,0:00:29,Krakow,Poland,F
KRA09D,0:00:38,Krakow,Poland,F
KRA10A,0:00:39,Krakow,Poland,F
KRA10B,0:00:47,Krakow,Poland,F
KRA10C,0:00:26,Krakow,Poland,F
KRA10D,0:00:21,Krakow,Poland,F
KRA11A,0:00:34,Krakow,Poland,F
KRA11B,0:00:37,Krakow,Poland,F
KRA11C,0:00:17,Krakow,Poland,F
KRA11D,0:00:15,Krakow,Poland,F
LIM01A,0:00:35,Rural Southern Poland,Poland,F
LIM01B,0:00:25,Rural Southern Poland,Poland,F
LIM01C,0:00:22,Rural Southern Poland,Poland,F
LIM01D,0:00:23,Rural Southern Poland,Poland,F
LIM02A,0:00:18,Rural Southern Poland,Poland,F
LIM02B,0:00:20,Rural Southern Poland,Poland,F
LIM02C,0:00:30,Rural Southern Poland,Poland,F
LIM02D,0:00:13,Rural Southern Poland,Poland,F
LIM03A,0:00:51,Rural Southern Poland,Poland,F
LIM03B,0:00:31,Rural Southern Poland,Poland,F
LIM03C,0:00:21,Rural Southern Poland,Poland,F
LIM03D,0:00:08,Rural Southern Poland,Poland,F
LIM04A,0:00:15,Rural Southern Poland,Poland,F
LIM04B,0:00:33,Rural Southern Poland,Poland,F
LIM04C,0:00:07,Rural Southern Poland,Poland,F
LIM04D,0:00:13,Rural Southern Poland,Poland,F
LIM05A,0:00:35,Rural Southern Poland,Poland,F
LIM05B,0:00:46,Rural Southern Poland,Poland,F
LIM05C,0:00:33,Rural Southern Poland,Poland,F
LIM05D,0:00:22,Rural Southern Poland,Poland,F
LIM06A,0:00:15,Rural Southern Poland,Poland,F
LIM06B,0:00:23,Rural Southern Poland,Poland,F
LIM06C,0:00:27,Rural Southern Poland,Poland,F
LIM06D,0:00:28,Rural Southern Poland,Poland,F
LIM07A,0:00:28,Rural Southern Poland,Poland,F
LIM07B,0:00:18,Rural Southern Poland,Poland,F
LIM07C,0:00:27,Rural Southern Poland,Poland,F
LIM07D,0:00:14,Rural Southern Poland,Poland,F
LIM08A,0:00:37,Rural Southern Poland,Poland,F
LIM08B,0:00:30,Rural Southern Poland,Poland,F
LIM08C,0:00:29,Rural Southern Poland,Poland,F
LIM08D,0:00:24,Rural Southern Poland,Poland,F
LIM09A,0:00:37,Rural Southern Poland,Poland,F
LIM09B,0:00:39,Rural Southern Poland,Poland,F
LIM09C,0:00:32,Rural Southern Poland,Poland,F
LIM09D,0:00:13,Rural Southern Poland,Poland,F
LIM10A,0:00:40,Rural Southern Poland,Poland,F
LIM10B,0:00:22,Rural Southern Poland,Poland,F
LIM10C,0:00:30,Rural Southern Poland,Poland,F
LIM10D,0:00:25,Rural Southern Poland,Poland,F
LIM11A,0:00:49,Rural Southern Poland,Poland,F
LIM11B,0:00:51,Rural Southern Poland,Poland,F
LIM11C,0:00:34,Rural Southern Poland,Poland,F
LIM11D,0:00:32,Rural Southern Poland,Poland,F
LIM12A,0:00:58,Rural Southern Poland,Poland,F
LIM12B,0:00:29,Rural Southern Poland,Poland,F
LIM12C,0:00:30,Rural Southern Poland,Poland,F
LIM12D,0:00:30,Rural Southern Poland,Poland,F
LIM13A,0:00:16,Rural Southern Poland,Poland,F
LIM13B,0:00:46,Rural Southern Poland,Poland,F
LIM13C,0:00:25,Rural Southern Poland,Poland,F
LIM13D,0:00:13,Rural Southern Poland,Poland,F
LIM14A,0:00:33,Rural Southern Poland,Poland,M
LIM14B,0:00:11,Rural Southern Poland,Poland,M
LIM14D,0:00:22,Rural Southern Poland,Poland,M
MBE01A,0:00:20,Mbendjele,Republic of Congo,F
MBE01B,0:00:12,Mbendjele,Republic of Congo,F
MBE01C,0:00:07,Mbendjele,Republic of Congo,F
MBE01D,0:00:07,Mbendjele,Republic of Congo,F
MBE02A,0:00:10,Mbendjele,Republic of Congo,F
MBE02B,0:00:03,Mbendjele,Republic of Congo,F
MBE02C,0:00:47,Mbendjele,Republic of Congo,F
MBE02D,0:00:11,Mbendjele,Republic of Congo,F
MBE03A,0:00:10,Mbendjele,Republic of Congo,F
MBE03B,0:00:04,Mbendjele,Republic of Congo,F
MBE03C,0:00:42,Mbendjele,Republic of Congo,F
MBE03D,0:00:06,Mbendjele,Republic of Congo,F
MBE04A,0:03:05,Mbendjele,Republic of Congo,M
MBE04B,0:00:40,Mbendjele,Republic of Congo,M
MBE04C,0:00:31,Mbendjele,Republic of Congo,M
MBE04D,0:00:14,Mbendjele,Republic of Congo,M
MBE05A,0:00:24,Mbendjele,Republic of Congo,F
MBE05B,0:00:10,Mbendjele,Republic of Congo,F
MBE05C,0:00:13,Mbendjele,Republic of Congo,F
MBE05D,0:00:02,Mbendjele,Republic of Congo,F
MBE06A,0:00:41,Mbendjele,Republic of Congo,F
MBE06B,0:00:18,Mbendjele,Republic of Congo,F
MBE06C,0:00:46,Mbendjele,Republic of Congo,F
MBE06D,0:00:13,Mbendjele,Republic of Congo,F
MBE07A,0:00:14,Mbendjele,Republic of Congo,F
MBE07B,0:00:21,Mbendjele,Republic of Congo,F
MBE07C,0:00:23,Mbendjele,Republic of Congo,F
MBE07D,0:00:33,Mbendjele,Republic of Congo,F
MBE08A,0:00:23,Mbendjele,Republic of Congo,F
MBE08B,0:00:21,Mbendjele,Republic of Congo,F
MBE08C,0:00:53,Mbendjele,Republic of Congo,F
MBE08D,0:00:01,Mbendjele,Republic of Congo,F
MBE09A,0:00:15,Mbendjele,Republic of Congo,F
MBE09B,0:00:22,Mbendjele,Republic of Congo,F
MBE09C,0:00:56,Mbendjele,Republic of Congo,F
MBE09D,0:00:06,Mbendjele,Republic of Congo,F
MBE10A,0:00:23,Mbendjele,Republic of Congo,F
MBE10B,0:00:06,Mbendjele,Republic of Congo,F
MBE10C,0:00:26,Mbendjele,Republic of Congo,F
MBE10D,0:00:22,Mbendjele,Republic of Congo,F
MBE11A,0:00:40,Mbendjele,Republic of Congo,F
MBE11B,0:00:06,Mbendjele,Republic of Congo,F
MBE11C,0:01:43,Mbendjele,Republic of Congo,F
MBE11D,0:00:34,Mbendjele,Republic of Congo,F
MBE12A,0:00:26,Mbendjele,Republic of Congo,F
MBE12B,0:00:24,Mbendjele,Republic of Congo,F
MBE12C,0:00:32,Mbendjele,Republic of Congo,F
MBE12D,0:00:25,Mbendjele,Republic of Congo,F
MBE13A,0:00:52,Mbendjele,Republic of Congo,F
MBE13B,0:00:33,Mbendjele,Republic of Congo,F
MBE13C,0:00:46,Mbendjele,Republic of Congo,F
MBE13D,0:00:14,Mbendjele,Republic of Congo,F
MBE14A,0:00:58,Mbendjele,Republic of Congo,M
MBE14B,0:00:42,Mbendjele,Republic of Congo,M
MBE14C,0:00:16,Mbendjele,Republic of Congo,M
MBE14D,0:01:08,Mbendjele,Republic of Congo,M
MBE15A,0:00:32,Mbendjele,Republic of Congo,F
MBE15B,0:00:15,Mbendjele,Republic of Congo,F
MBE15C,0:00:20,Mbendjele,Republic of Congo,F
MBE15D,0:00:26,Mbendjele,Republic of Congo,F
MEN01A,0:00:10,Mentawai Islanders,Sumatra,M
MEN01B,0:00:19,Mentawai Islanders,Sumatra,M
MEN01C,0:00:24,Mentawai Islanders,Sumatra,M
MEN01D,0:00:13,Mentawai Islanders,Sumatra,M
MEN02A,0:00:18,Mentawai Islanders,Sumatra,F
MEN02B,0:00:30,Mentawai Islanders,Sumatra,F
MEN02C,0:00:22,Mentawai Islanders,Sumatra,F
MEN02D,0:00:44,Mentawai Islanders,Sumatra,F
MEN03A,0:00:45,Mentawai Islanders,Sumatra,F
MEN03B,0:00:08,Mentawai Islanders,Sumatra,F
MEN03C,0:01:07,Mentawai Islanders,Sumatra,F
MEN03D,0:00:24,Mentawai Islanders,Sumatra,F
MEN04A,0:00:19,Mentawai Islanders,Sumatra,F
MEN04B,0:00:15,Mentawai Islanders,Sumatra,F
MEN04C,0:00:17,Mentawai Islanders,Sumatra,F
MEN04D,0:00:41,Mentawai Islanders,Sumatra,F
MEN05A,0:00:15,Mentawai Islanders,Sumatra,M
MEN05B,0:00:16,Mentawai Islanders,Sumatra,M
MEN05C,0:00:15,Mentawai Islanders,Sumatra,M
MEN05D,0:00:21,Mentawai Islanders,Sumatra,M
MEN06A,0:00:14,Mentawai Islanders,Sumatra,F
MEN06B,0:00:07,Mentawai Islanders,Sumatra,F
MEN06C,0:00:48,Mentawai Islanders,Sumatra,F
MEN06D,0:00:20,Mentawai Islanders,Sumatra,F
MEN07A,0:00:15,Mentawai Islanders,Sumatra,M
MEN07B,0:00:14,Mentawai Islanders,Sumatra,M
MEN07C,0:00:14,Mentawai Islanders,Sumatra,M
MEN07D,0:00:18,Mentawai Islanders,Sumatra,M
MEN08A,0:00:09,Mentawai Islanders,Sumatra,F
MEN08B,0:00:14,Mentawai Islanders,Sumatra,F
MEN08C,0:00:28,Mentawai Islanders,Sumatra,F
MEN08D,0:00:30,Mentawai Islanders,Sumatra,F
MEN09A,0:00:23,Mentawai Islanders,Sumatra,F
MEN09B,0:00:09,Mentawai Islanders,Sumatra,F
MEN09C,0:00:38,Mentawai Islanders,Sumatra,F
MEN09D,0:00:19,Mentawai Islanders,Sumatra,F
MEN10A,0:00:34,Mentawai Islanders,Sumatra,F
MEN10B,0:00:24,Mentawai Islanders,Sumatra,F
MEN10C,0:00:15,Mentawai Islanders,Sumatra,F
MEN10D,0:00:21,Mentawai Islanders,Sumatra,F
MEN11A,0:00:31,Mentawai Islanders,Sumatra,M
MEN11B,0:00:15,Mentawai Islanders,Sumatra,M
MEN11C,0:00:14,Mentawai Islanders,Sumatra,M
MEN11D,0:00:22,Mentawai Islanders,Sumatra,M
MEN12A,0:00:28,Mentawai Islanders,Sumatra,M
MEN12B,0:00:09,Mentawai Islanders,Sumatra,M
MEN12C,0:00:36,Mentawai Islanders,Sumatra,M
MEN12D,0:00:38,Mentawai Islanders,Sumatra,M
MEN13A,0:00:17,Mentawai Islanders,Sumatra,F
MEN13B,0:00:14,Mentawai Islanders,Sumatra,F
MEN13C,0:00:37,Mentawai Islanders,Sumatra,F
MEN13D,0:00:13,Mentawai Islanders,Sumatra,F
MEN14A,0:00:12,Mentawai Islanders,Sumatra,M
MEN14B,0:00:04,Mentawai Islanders,Sumatra,M
MEN14C,0:00:09,Mentawai Islanders,Sumatra,M
MEN14D,0:00:20,Mentawai Islanders,Sumatra,M
MEN15A,0:00:13,Mentawai Islanders,Sumatra,M
MEN15B,0:00:05,Mentawai Islanders,Sumatra,M
MEN15C,0:00:16,Mentawai Islanders,Sumatra,M
MEN15D,0:00:22,Mentawai Islanders,Sumatra,M
MES01A,0:00:12,Mestizo,Colombia,F
MES01B,0:00:04,Mestizo,Colombia,F
MES01C,0:00:08,Mestizo,Colombia,F
MES01D,0:00:05,Mestizo,Colombia,F
MES02A,0:00:10,Mestizo,Colombia,F
MES02B,0:00:11,Mestizo,Colombia,F
MES02C,0:00:12,Mestizo,Colombia,F
MES02D,0:00:15,Mestizo,Colombia,F
MES03A,0:00:07,Mestizo,Colombia,F
MES03B,0:00:11,Mestizo,Colombia,F
MES03C,0:00:12,Mestizo,Colombia,F
MES03D,0:00:15,Mestizo,Colombia,F
MES04A,0:00:05,Mestizo,Colombia,F
MES04B,0:00:11,Mestizo,Colombia,F
MES04C,0:00:04,Mestizo,Colombia,F
MES04D,0:00:16,Mestizo,Colombia,F
MES05A,0:00:14,Mestizo,Colombia,F
MES05B,0:00:16,Mestizo,Colombia,F
MES05C,0:00:24,Mestizo,Colombia,F
MES05D,0:00:10,Mestizo,Colombia,F
MES06A,0:00:05,Mestizo,Colombia,F
MES06B,0:00:07,Mestizo,Colombia,F
MES06C,0:00:08,Mestizo,Colombia,F
MES06D,0:00:04,Mestizo,Colombia,F
MES07A,0:00:08,Mestizo,Colombia,F
MES07B,0:00:04,Mestizo,Colombia,F
MES07C,0:00:16,Mestizo,Colombia,F
MES07D,0:00:11,Mestizo,Colombia,F
MES08A,0:00:23,Mestizo,Colombia,F
MES08B,0:00:03,Mestizo,Colombia,F
MES08C,0:00:08,Mestizo,Colombia,F
MES08D,0:00:07,Mestizo,Colombia,F
MES09A,0:00:10,Mestizo,Colombia,F
MES09B,0:00:07,Mestizo,Colombia,F
MES09D,0:00:04,Mestizo,Colombia,F
MES10A,0:00:11,Mestizo,Colombia,F
MES10B,0:00:09,Mestizo,Colombia,F
MES10C,0:00:05,Mestizo,Colombia,F
MES10D,0:00:11,Mestizo,Colombia,F
MES11A,0:00:09,Mestizo,Colombia,F
MES11B,0:00:08,Mestizo,Colombia,F
MES11C,0:00:12,Mestizo,Colombia,F
MES11D,0:00:01,Mestizo,Colombia,F
NYA01A,0:01:06,Nyangatom,Ethiopia,F
NYA01B,0:00:13,Nyangatom,Ethiopia,F
NYA01C,0:00:47,Nyangatom,Ethiopia,F
NYA01D,0:00:16,Nyangatom,Ethiopia,F
NYA02A,0:01:14,Nyangatom,Ethiopia,F
NYA02B,0:00:14,Nyangatom,Ethiopia,F
NYA02C,0:00:47,Nyangatom,Ethiopia,F
NYA02D,0:00:10,Nyangatom,Ethiopia,F
NYA03A,0:01:12,Nyangatom,Ethiopia,F
NYA03B,0:00:15,Nyangatom,Ethiopia,F
NYA03C,0:00:46,Nyangatom,Ethiopia,F
NYA03D,0:00:29,Nyangatom,Ethiopia,F
NYA04A,0:00:36,Nyangatom,Ethiopia,F
NYA04B,0:00:20,Nyangatom,Ethiopia,F
NYA04C,0:00:38,Nyangatom,Ethiopia,F
NYA04D,0:00:19,Nyangatom,Ethiopia,F
NYA05A,0:01:02,Nyangatom,Ethiopia,F
NYA05B,0:00:15,Nyangatom,Ethiopia,F
NYA05C,0:00:25,Nyangatom,Ethiopia,F
NYA05D,0:00:31,Nyangatom,Ethiopia,F
NYA06A,0:00:40,Nyangatom,Ethiopia,F
NYA06B,0:00:15,Nyangatom,Ethiopia,F
NYA06C,0:00:25,Nyangatom,Ethiopia,F
NYA06D,0:00:30,Nyangatom,Ethiopia,F
NYA07A,0:00:54,Nyangatom,Ethiopia,F
NYA07B,0:00:13,Nyangatom,Ethiopia,F
NYA07C,0:00:31,Nyangatom,Ethiopia,F
NYA07D,0:00:25,Nyangatom,Ethiopia,F
NYA08A,0:00:58,Nyangatom,Ethiopia,F
NYA08B,0:00:15,Nyangatom,Ethiopia,F
NYA08C,0:00:31,Nyangatom,Ethiopia,F
NYA08D,0:00:28,Nyangatom,Ethiopia,F
NYA09A,0:00:51,Nyangatom,Ethiopia,F
NYA09B,0:00:14,Nyangatom,Ethiopia,F
NYA09C,0:00:49,Nyangatom,Ethiopia,F
NYA09D,0:00:18,Nyangatom,Ethiopia,F
NYA10A,0:01:10,Nyangatom,Ethiopia,F
NYA10B,0:00:21,Nyangatom,Ethiopia,F
NYA10C,0:01:07,Nyangatom,Ethiopia,F
NYA10D,0:00:13,Nyangatom,Ethiopia,F
NYA11A,0:01:05,Nyangatom,Ethiopia,F
NYA11B,0:00:19,Nyangatom,Ethiopia,F
NYA11C,0:00:38,Nyangatom,Ethiopia,F
NYA11D,0:00:10,Nyangatom,Ethiopia,F
NYA12A,0:00:57,Nyangatom,Ethiopia,F
NYA12B,0:00:12,Nyangatom,Ethiopia,F
NYA12C,0:00:39,Nyangatom,Ethiopia,F
NYA12D,0:00:19,Nyangatom,Ethiopia,F
NYA13A,0:00:39,Nyangatom,Ethiopia,F
NYA13B,0:00:08,Nyangatom,Ethiopia,F
NYA13C,0:00:30,Nyangatom,Ethiopia,F
NYA13D,0:00:07,Nyangatom,Ethiopia,F
NYA14A,0:00:32,Nyangatom,Ethiopia,F
NYA14B,0:00:34,Nyangatom,Ethiopia,F
NYA14C,0:00:32,Nyangatom,Ethiopia,F
NYA14D,0:00:13,Nyangatom,Ethiopia,F
PNG01A,0:00:10,Kalahari,Papua New Guinea,F
PNG01B,0:00:15,Kalahari,Papua New Guinea,F
PNG01C,0:00:25,Kalahari,Papua New Guinea,F
PNG01D,0:00:20,Kalahari,Papua New Guinea,F
PNG02A,0:00:10,Kalahari,Papua New Guinea,F
PNG02B,0:00:16,Kalahari,Papua New Guinea,F
PNG03A,0:00:12,Kalahari,Papua New Guinea,F
PNG03B,0:00:18,Kalahari,Papua New Guinea,F
PNG03C,0:00:15,Kalahari,Papua New Guinea,F
PNG03D,0:00:12,Kalahari,Papua New Guinea,F
PNG04A,0:00:13,Kalahari,Papua New Guinea,F
PNG04B,0:00:07,Kalahari,Papua New Guinea,F
PNG04C,0:00:27,Kalahari,Papua New Guinea,F
PNG04D,0:00:11,Kalahari,Papua New Guinea,F
PNG05A,0:00:15,Kalahari,Papua New Guinea,F
PNG05B,0:00:11,Kalahari,Papua New Guinea,F
PNG05C,0:00:11,Kalahari,Papua New Guinea,F
PNG05D,0:00:09,Kalahari,Papua New Guinea,F
PNG06A,0:00:13,Kalahari,Papua New Guinea,F
PNG06B,0:00:09,Kalahari,Papua New Guinea,F
PNG06C,0:00:22,Kalahari,Papua New Guinea,F
PNG06D,0:00:28,Kalahari,Papua New Guinea,F
QUE01A,0:00:07,Quechua,Peru,M
QUE01B,0:00:02,Quechua,Peru,M
QUE01C,0:00:05,Quechua,Peru,M
QUE01D,0:00:06,Quechua,Peru,M
QUE02B,0:00:00,Quechua,Peru,F
QUE02D,0:00:02,Quechua,Peru,F
QUE03A,0:00:08,Quechua,Peru,M
QUE03B,0:00:08,Quechua,Peru,M
QUE03C,0:00:06,Quechua,Peru,M
QUE03D,0:00:02,Quechua,Peru,M
QUE05A,0:00:02,Quechua,Peru,F
QUE05B,0:00:02,Quechua,Peru,F
QUE05C,0:00:08,Quechua,Peru,F
QUE05D,0:00:16,Quechua,Peru,F
QUE07A,0:00:15,Quechua,Peru,F
QUE07B,0:00:00,Quechua,Peru,F
QUE07C,0:00:09,Quechua,Peru,F
QUE07D,0:00:10,Quechua,Peru,F
QUE08A,0:00:12,Quechua,Peru,F
QUE08B,0:00:01,Quechua,Peru,F
QUE08C,0:00:06,Quechua,Peru,F
QUE08D,0:00:13,Quechua,Peru,F
QUE09B,0:00:02,Quechua,Peru,M
QUE09D,0:00:17,Quechua,Peru,M
QUE10A,0:00:08,Quechua,Peru,M
QUE10B,0:00:04,Quechua,Peru,M
QUE10C,0:00:06,Quechua,Peru,M
QUE10D,0:00:15,Quechua,Peru,M
QUE11B,0:00:02,Quechua,Peru,M
QUE11D,0:00:11,Quechua,Peru,M
QUE12B,0:00:02,Quechua,Peru,F
QUE12D,0:00:07,Quechua,Peru,F
QUE13A,0:00:02,Quechua,Peru,F
QUE13B,0:00:01,Quechua,Peru,F
QUE13C,0:00:35,Quechua,Peru,F
QUE13D,0:00:45,Quechua,Peru,F
QUE14A,0:00:10,Quechua,Peru,F
QUE14B,0:00:05,Quechua,Peru,F
QUE14C,0:00:02,Quechua,Peru,F
QUE14D,0:00:17,Quechua,Peru,F
QUE16A,0:00:17,Quechua,Peru,M
QUE16B,0:00:09,Quechua,Peru,M
QUE16C,0:00:19,Quechua,Peru,M
QUE16D,0:00:42,Quechua,Peru,M
QUE18A,0:00:09,Quechua,Peru,F
QUE18B,0:00:04,Quechua,Peru,F
QUE18C,0:00:12,Quechua,Peru,F
QUE18D,0:00:02,Quechua,Peru,F
QUE19D,0:00:18,Quechua,Peru,F
SPA01A,0:01:05,Sapara & Achuar,Ecuador,F
SPA01B,0:00:08,Sapara & Achuar,Ecuador,F
SPA01C,0:00:25,Sapara & Achuar,Ecuador,F
SPA01D,0:00:20,Sapara & Achuar,Ecuador,F
SPA02A,0:00:43,Sapara & Achuar,Ecuador,F
SPA02B,0:00:20,Sapara & Achuar,Ecuador,F
SPA02C,0:01:24,Sapara & Achuar,Ecuador,F
SPA02D,0:00:18,Sapara & Achuar,Ecuador,F
SPA03A,0:00:14,Sapara & Achuar,Ecuador,F
SPA03B,0:00:26,Sapara & Achuar,Ecuador,F
SPA03C,0:00:25,Sapara & Achuar,Ecuador,F
SPA03D,0:00:12,Sapara & Achuar,Ecuador,F
SPA04A,0:00:14,Sapara & Achuar,Ecuador,F
SPA04B,0:00:09,Sapara & Achuar,Ecuador,F
SPA04C,0:00:20,Sapara & Achuar,Ecuador,F
SPA04D,0:00:27,Sapara & Achuar,Ecuador,F
SPA05A,0:00:18,Sapara & Achuar,Ecuador,F
SPA05B,0:00:20,Sapara & Achuar,Ecuador,F
SPA05C,0:00:36,Sapara & Achuar,Ecuador,F
SPA05D,0:00:25,Sapara & Achuar,Ecuador,F
SPA06A,0:00:42,Sapara & Achuar,Ecuador,F
SPA06B,0:00:30,Sapara & Achuar,Ecuador,F
SPA06C,0:00:44,Sapara & Achuar,Ecuador,F
SPA06D,0:00:23,Sapara & Achuar,Ecuador,F
SPA07A,0:00:31,Sapara & Achuar,Ecuador,F
SPA07B,0:00:03,Sapara & Achuar,Ecuador,F
SPA07D,0:00:01,Sapara & Achuar,Ecuador,F
SPA08A,0:00:19,Sapara & Achuar,Ecuador,F
SPA08B,0:00:11,Sapara & Achuar,Ecuador,F
SPA08C,0:00:44,Sapara & Achuar,Ecuador,F
SPA08D,0:00:12,Sapara & Achuar,Ecuador,F
SPA09A,0:01:00,Sapara & Achuar,Ecuador,F
SPA09B,0:00:10,Sapara & Achuar,Ecuador,F
SPA09C,0:01:23,Sapara & Achuar,Ecuador,F
SPA09D,0:00:10,Sapara & Achuar,Ecuador,F
SPA10A,0:00:40,Sapara & Achuar,Ecuador,F
SPA10B,0:00:13,Sapara & Achuar,Ecuador,F
SPA10C,0:00:42,Sapara & Achuar,Ecuador,F
SPA10D,0:00:28,Sapara & Achuar,Ecuador,F
SPA11A,0:00:21,Sapara & Achuar,Ecuador,F
SPA11B,0:00:20,Sapara & Achuar,Ecuador,F
SPA11C,0:00:18,Sapara & Achuar,Ecuador,F
SPA11D,0:00:09,Sapara & Achuar,Ecuador,F
SPA12A,0:00:22,Sapara & Achuar,Ecuador,F
SPA12B,0:00:11,Sapara & Achuar,Ecuador,F
SPA12C,0:00:14,Sapara & Achuar,Ecuador,F
SPA12D,0:00:09,Sapara & Achuar,Ecuador,F
SPA13A,0:00:07,Sapara & Achuar,Ecuador,F
SPA13B,0:00:06,Sapara & Achuar,Ecuador,F
SPA13C,0:00:33,Sapara & Achuar,Ecuador,F
SPA13D,0:00:17,Sapara & Achuar,Ecuador,F
SPA14A,0:00:14,Sapara & Achuar,Ecuador,F
SPA14B,0:00:06,Sapara & Achuar,Ecuador,F
SPA14C,0:00:38,Sapara & Achuar,Ecuador,F
SPA14D,0:00:06,Sapara & Achuar,Ecuador,F
SPA15A,0:00:44,Sapara & Achuar,Ecuador,F
SPA15B,0:00:32,Sapara & Achuar,Ecuador,F
SPA15C,0:00:36,Sapara & Achuar,Ecuador,F
SPA15D,0:00:31,Sapara & Achuar,Ecuador,F
TOP01A,0:00:57,Toposa,Ethiopia,F
TOP01B,0:00:03,Toposa,Ethiopia,F
TOP01C,0:00:19,Toposa,Ethiopia,F
TOP01D,0:00:14,Toposa,Ethiopia,F
TOP02A,0:00:34,Toposa,Ethiopia,F
TOP02B,0:00:14,Toposa,Ethiopia,F
TOP02C,0:00:27,Toposa,Ethiopia,F
TOP02D,0:00:04,Toposa,Ethiopia,F
TOP03A,0:00:52,Toposa,Ethiopia,F
TOP03B,0:00:19,Toposa,Ethiopia,F
TOP03C,0:00:31,Toposa,Ethiopia,F
TOP03D,0:00:13,Toposa,Ethiopia,F
TOP04A,0:00:39,Toposa,Ethiopia,F
TOP04B,0:00:08,Toposa,Ethiopia,F
TOP04C,0:00:34,Toposa,Ethiopia,F
TOP04D,0:00:08,Toposa,Ethiopia,F
TOP05A,0:00:57,Toposa,Ethiopia,F
TOP05B,0:00:11,Toposa,Ethiopia,F
TOP05C,0:00:25,Toposa,Ethiopia,F
TOP05D,0:00:22,Toposa,Ethiopia,F
TOP06A,0:00:32,Toposa,Ethiopia,F
TOP06B,0:00:16,Toposa,Ethiopia,F
TOP06C,0:00:33,Toposa,Ethiopia,F
TOP06D,0:00:29,Toposa,Ethiopia,F
TOP07A,0:00:32,Toposa,Ethiopia,F
TOP07B,0:00:08,Toposa,Ethiopia,F
TOP07C,0:00:43,Toposa,Ethiopia,F
TOP07D,0:00:07,Toposa,Ethiopia,F
TOP08A,0:00:43,Toposa,Ethiopia,F
TOP08B,0:00:10,Toposa,Ethiopia,F
TOP08C,0:00:15,Toposa,Ethiopia,F
TOP08D,0:00:20,Toposa,Ethiopia,F
TOP09A,0:01:17,Toposa,Ethiopia,F
TOP09B,0:00:25,Toposa,Ethiopia,F
TOP09C,0:00:43,Toposa,Ethiopia,F
TOP09D,0:00:23,Toposa,Ethiopia,F
TOP10A,0:00:24,Toposa,Ethiopia,F
TOP10B,0:00:07,Toposa,Ethiopia,F
TOP10C,0:00:22,Toposa,Ethiopia,F
TOP10D,0:00:11,Toposa,Ethiopia,F
TOP11A,0:01:23,Toposa,Ethiopia,F
TOP11B,0:00:15,Toposa,Ethiopia,F
TOP11C,0:00:50,Toposa,Ethiopia,F
TOP11D,0:00:22,Toposa,Ethiopia,F
TOP12A,0:01:18,Toposa,Ethiopia,F
TOP12B,0:00:10,Toposa,Ethiopia,F
TOP12C,0:00:29,Toposa,Ethiopia,F
TOP12D,0:00:24,Toposa,Ethiopia,F
TOP13A,0:00:50,Toposa,Ethiopia,F
TOP13B,0:00:19,Toposa,Ethiopia,F
TOP13C,0:00:52,Toposa,Ethiopia,F
TOP13D,0:00:30,Toposa,Ethiopia,F
TOP14A,0:00:32,Toposa,Ethiopia,F
TOP14B,0:00:16,Toposa,Ethiopia,F
TOP14C,0:00:20,Toposa,Ethiopia,F
TOP14D,0:00:11,Toposa,Ethiopia,F
TOP15A,0:01:25,Toposa,Ethiopia,F
TOP15B,0:00:17,Toposa,Ethiopia,F
TOP15C,0:00:14,Toposa,Ethiopia,F
TOP15D,0:00:08,Toposa,Ethiopia,F
TOR01A,0:00:16,Urban Toronto,Canada,F
TOR01B,0:00:22,Urban Toronto,Canada,F
TOR01C,0:00:26,Urban Toronto,Canada,F
TOR01D,0:00:28,Urban Toronto,Canada,F
TOR02A,0:00:16,Urban Toronto,Canada,F
TOR02B,0:00:20,Urban Toronto,Canada,F
TOR02C,0:00:10,Urban Toronto,Canada,F
TOR02D,0:00:43,Urban Toronto,Canada,F
TOR03A,0:00:21,Urban Toronto,Canada,F
TOR03B,0:00:32,Urban Toronto,Canada,F
TOR03C,0:00:17,Urban Toronto,Canada,F
TOR03D,0:01:04,Urban Toronto,Canada,F
TOR04A,0:00:12,Urban Toronto,Canada,F
TOR04B,0:00:24,Urban Toronto,Canada,F
TOR04C,0:00:12,Urban Toronto,Canada,F
TOR04D,0:00:26,Urban Toronto,Canada,F
TOR05A,0:00:29,Urban Toronto,Canada,F
TOR05B,0:00:23,Urban Toronto,Canada,F
TOR05C,0:00:08,Urban Toronto,Canada,F
TOR05D,0:00:04,Urban Toronto,Canada,F
TOR06A,0:00:19,Urban Toronto,Canada,F
TOR06B,0:00:11,Urban Toronto,Canada,F
TOR06C,0:00:13,Urban Toronto,Canada,F
TOR06D,0:00:25,Urban Toronto,Canada,F
TOR07A,0:00:36,Urban Toronto,Canada,F
TOR07B,0:00:29,Urban Toronto,Canada,F
TOR07C,0:00:18,Urban Toronto,Canada,F
TOR07D,0:00:19,Urban Toronto,Canada,F
TOR08A,0:00:26,Urban Toronto,Canada,F
TOR08B,0:00:15,Urban Toronto,Canada,F
TOR08C,0:00:16,Urban Toronto,Canada,F
TOR08D,0:00:15,Urban Toronto,Canada,F
TOR09A,0:00:22,Urban Toronto,Canada,F
TOR09B,0:00:16,Urban Toronto,Canada,F
TOR09C,0:00:15,Urban Toronto,Canada,F
TOR09D,0:00:20,Urban Toronto,Canada,F
TOR10A,0:00:29,Urban Toronto,Canada,F
TOR10B,0:00:18,Urban Toronto,Canada,F
TOR10C,0:00:16,Urban Toronto,Canada,F
TOR10D,0:00:15,Urban Toronto,Canada,F
TOR11A,0:00:21,Urban Toronto,Canada,F
TOR11B,0:00:15,Urban Toronto,Canada,F
TOR11C,0:00:30,Urban Toronto,Canada,F
TOR11D,0:00:34,Urban Toronto,Canada,F
TOR12A,0:00:20,Urban Toronto,Canada,F
TOR12B,0:00:11,Urban Toronto,Canada,F
TOR12C,0:00:10,Urban Toronto,Canada,F
TOR12D,0:00:13,Urban Toronto,Canada,F
TOR13A,0:00:49,Urban Toronto,Canada,F
TOR13B,0:00:17,Urban Toronto,Canada,F
TOR13C,0:00:13,Urban Toronto,Canada,F
TOR13D,0:00:14,Urban Toronto,Canada,F
TOR14A,0:00:17,Urban Toronto,Canada,F
TOR14B,0:00:10,Urban Toronto,Canada,F
TOR14C,0:00:15,Urban Toronto,Canada,F
TOR14D,0:00:14,Urban Toronto,Canada,F
TOR15A,0:00:28,Urban Toronto,Canada,F
TOR15B,0:00:20,Urban Toronto,Canada,F
TOR15C,0:00:22,Urban Toronto,Canada,F
TOR15D,0:00:39,Urban Toronto,Canada,F
TOR16A,0:00:29,Urban Toronto,Canada,F
TOR16B,0:00:14,Urban Toronto,Canada,F
TOR16C,0:00:16,Urban Toronto,Canada,F
TOR16D,0:00:16,Urban Toronto,Canada,F
TOR17A,0:00:17,Urban Toronto,Canada,F
TOR17B,0:00:24,Urban Toronto,Canada,F
TOR17C,0:00:10,Urban Toronto,Canada,F
TOR17D,0:00:20,Urban Toronto,Canada,F
TOR18A,0:00:20,Urban Toronto,Canada,F
TOR18B,0:00:15,Urban Toronto,Canada,F
TOR18C,0:00:35,Urban Toronto,Canada,F
TOR18D,0:00:12,Urban Toronto,Canada,F
TOR19A,0:00:31,Urban Toronto,Canada,F
TOR19B,0:00:19,Urban Toronto,Canada,F
TOR19C,0:00:26,Urban Toronto,Canada,F
TOR19D,0:00:20,Urban Toronto,Canada,F
TOR20A,0:00:19,Urban Toronto,Canada,F
TOR20B,0:00:24,Urban Toronto,Canada,F
TOR20C,0:00:19,Urban Toronto,Canada,F
TOR20D,0:00:41,Urban Toronto,Canada,F
TOR21A,0:00:37,Urban Toronto,Canada,F
TOR21B,0:00:26,Urban Toronto,Canada,F
TOR21C,0:00:18,Urban Toronto,Canada,F
TOR21D,0:00:12,Urban Toronto,Canada,F
TOR22A,0:00:20,Urban Toronto,Canada,F
TOR22B,0:00:16,Urban Toronto,Canada,F
TOR22C,0:00:19,Urban Toronto,Canada,F
TOR22D,0:00:09,Urban Toronto,Canada,F
TOR23A,0:00:17,Urban Toronto,Canada,F
TOR23B,0:00:29,Urban Toronto,Canada,F
TOR23C,0:00:19,Urban Toronto,Canada,F
TOR23D,0:00:23,Urban Toronto,Canada,F
TOR24A,0:00:28,Urban Toronto,Canada,F
TOR24B,0:00:21,Urban Toronto,Canada,F
TOR24C,0:00:20,Urban Toronto,Canada,F
TOR24D,0:00:18,Urban Toronto,Canada,F
TOR25A,0:00:17,Urban Toronto,Canada,F
TOR25B,0:00:21,Urban Toronto,Canada,F
TOR25C,0:00:11,Urban Toronto,Canada,F
TOR25D,0:00:18,Urban Toronto,Canada,F
TOR26A,0:00:23,Urban Toronto,Canada,F
TOR26B,0:00:31,Urban Toronto,Canada,F
TOR26C,0:00:35,Urban Toronto,Canada,F
TOR26D,0:00:26,Urban Toronto,Canada,F
TOR27A,0:00:19,Urban Toronto,Canada,F
TOR27B,0:00:20,Urban Toronto,Canada,F
TOR27C,0:00:36,Urban Toronto,Canada,F
TOR27D,0:00:31,Urban Toronto,Canada,F
TOR28A,0:00:31,Urban Toronto,Canada,F
TOR28B,0:00:34,Urban Toronto,Canada,F
TOR28C,0:00:20,Urban Toronto,Canada,F
TOR28D,0:00:24,Urban Toronto,Canada,F
TOR29A,0:00:24,Urban Toronto,Canada,F
TOR29B,0:00:17,Urban Toronto,Canada,F
TOR29C,0:00:18,Urban Toronto,Canada,F
TOR29D,0:00:17,Urban Toronto,Canada,F
TOR30A,0:00:32,Urban Toronto,Canada,F
TOR30B,0:00:27,Urban Toronto,Canada,F
TOR30C,0:00:32,Urban Toronto,Canada,F
TOR30D,0:00:24,Urban Toronto,Canada,F
TOR31A,0:00:36,Urban Toronto,Canada,F
TOR31B,0:00:18,Urban Toronto,Canada,F
TOR31C,0:00:16,Urban Toronto,Canada,F
TOR31D,0:00:25,Urban Toronto,Canada,F
TOR32A,0:00:23,Urban Toronto,Canada,F
TOR32B,0:00:19,Urban Toronto,Canada,F
TOR32C,0:00:32,Urban Toronto,Canada,F
TOR32D,0:00:55,Urban Toronto,Canada,F
TOR33A,0:00:17,Urban Toronto,Canada,F
TOR33B,0:00:23,Urban Toronto,Canada,F
TOR33C,0:00:48,Urban Toronto,Canada,F
TOR33D,0:00:31,Urban Toronto,Canada,F
TOR34A,0:00:25,Urban Toronto,Canada,F
TOR34B,0:00:27,Urban Toronto,Canada,F
TOR34C,0:00:09,Urban Toronto,Canada,F
TOR34D,0:01:09,Urban Toronto,Canada,F
TOR35A,0:00:23,Urban Toronto,Canada,F
TOR35B,0:00:14,Urban Toronto,Canada,F
TOR35C,0:00:17,Urban Toronto,Canada,F
TOR35D,0:00:15,Urban Toronto,Canada,F
TOR36A,0:00:39,Urban Toronto,Canada,F
TOR36B,0:00:21,Urban Toronto,Canada,F
TOR36C,0:00:20,Urban Toronto,Canada,F
TOR36D,0:00:19,Urban Toronto,Canada,F
TOR37A,0:00:23,Urban Toronto,Canada,F
TOR37B,0:00:21,Urban Toronto,Canada,F
TOR37C,0:00:15,Urban Toronto,Canada,F
TOR37D,0:00:19,Urban Toronto,Canada,F
TOR38A,0:00:19,Urban Toronto,Canada,F
TOR38B,0:00:16,Urban Toronto,Canada,F
TOR38C,0:00:19,Urban Toronto,Canada,F
TOR38D,0:00:15,Urban Toronto,Canada,F
TOR39A,0:00:28,Urban Toronto,Canada,F
TOR39B,0:00:21,Urban Toronto,Canada,F
TOR39C,0:00:25,Urban Toronto,Canada,F
TOR39D,0:00:20,Urban Toronto,Canada,F
TOR40A,0:00:41,Urban Toronto,Canada,F
TOR40B,0:00:22,Urban Toronto,Canada,F
TOR41A,0:00:29,Urban Toronto,Canada,F
TOR41B,0:00:18,Urban Toronto,Canada,F
TOR41C,0:00:33,Urban Toronto,Canada,F
TOR41D,0:00:44,Urban Toronto,Canada,F
TOR42A,0:00:25,Urban Toronto,Canada,F
TOR42B,0:00:32,Urban Toronto,Canada,F
TOR42C,0:01:04,Urban Toronto,Canada,F
TOR42D,0:00:23,Urban Toronto,Canada,F
TOR43A,0:00:27,Urban Toronto,Canada,F
TOR43B,0:00:17,Urban Toronto,Canada,F
TOR43C,0:00:14,Urban Toronto,Canada,F
TOR43D,0:00:23,Urban Toronto,Canada,F
TOR44A,0:00:19,Urban Toronto,Canada,F
TOR44B,0:00:20,Urban Toronto,Canada,F
TOR44C,0:00:19,Urban Toronto,Canada,F
TOR44D,0:00:15,Urban Toronto,Canada,F
TOR45A,0:00:13,Urban Toronto,Canada,F
TOR45B,0:00:20,Urban Toronto,Canada,F
TOR45C,0:00:35,Urban Toronto,Canada,F
TOR45D,0:00:15,Urban Toronto,Canada,F
TOR46A,0:00:20,Urban Toronto,Canada,F
TOR46B,0:00:11,Urban Toronto,Canada,F
TOR46C,0:00:25,Urban Toronto,Canada,F
TOR46D,0:00:44,Urban Toronto,Canada,F
TOR47A,0:00:15,Urban Toronto,Canada,F
TOR47B,0:00:17,Urban Toronto,Canada,F
TOR47C,0:00:28,Urban Toronto,Canada,F
TOR47D,0:00:19,Urban Toronto,Canada,F
TOR48A,0:00:27,Urban Toronto,Canada,F
TOR48B,0:00:21,Urban Toronto,Canada,F
TOR48C,0:00:32,Urban Toronto,Canada,F
TOR48D,0:00:11,Urban Toronto,Canada,F
TOR49A,0:00:24,Urban Toronto,Canada,F
TOR49B,0:00:23,Urban Toronto,Canada,F
TOR49C,0:00:16,Urban Toronto,Canada,F
TOR49D,0:00:27,Urban Toronto,Canada,F
TOR50A,0:00:34,Urban Toronto,Canada,F
TOR50B,0:00:26,Urban Toronto,Canada,F
TOR50C,0:00:23,Urban Toronto,Canada,F
TOR50D,0:00:18,Urban Toronto,Canada,F
TSI01A,0:00:15,Tsimane,Bolivia,F
TSI01B,0:00:06,Tsimane,Bolivia,F
TSI01C,0:00:15,Tsimane,Bolivia,F
TSI01D,0:00:26,Tsimane,Bolivia,F
TSI02A,0:00:25,Tsimane,Bolivia,M
TSI02B,0:00:09,Tsimane,Bolivia,M
TSI02C,0:00:28,Tsimane,Bolivia,M
TSI02D,0:00:16,Tsimane,Bolivia,M
TSI03A,0:00:20,Tsimane,Bolivia,F
TSI03B,0:00:12,Tsimane,Bolivia,F
TSI03C,0:00:26,Tsimane,Bolivia,F
TSI03D,0:00:13,Tsimane,Bolivia,F
TSI04A,0:00:31,Tsimane,Bolivia,F
TSI04B,0:00:18,Tsimane,Bolivia,F
TSI04C,0:00:23,Tsimane,Bolivia,F
TSI04D,0:00:16,Tsimane,Bolivia,F
TSI05A,0:00:18,Tsimane,Bolivia,NS
TSI05B,0:00:15,Tsimane,Bolivia,NS
TSI05C,0:00:21,Tsimane,Bolivia,NS
TSI05D,0:00:31,Tsimane,Bolivia,NS
TSI06A,0:00:19,Tsimane,Bolivia,F
TSI06B,0:00:18,Tsimane,Bolivia,F
TSI06C,0:00:24,Tsimane,Bolivia,F
TSI06D,0:00:25,Tsimane,Bolivia,F
TSI07A,0:00:18,Tsimane,Bolivia,NS
TSI07B,0:00:06,Tsimane,Bolivia,NS
TSI07C,0:00:17,Tsimane,Bolivia,NS
TSI07D,0:00:31,Tsimane,Bolivia,NS
TSI08A,0:00:24,Tsimane,Bolivia,F
TSI08B,0:00:11,Tsimane,Bolivia,F
TSI08C,0:00:15,Tsimane,Bolivia,F
TSI08D,0:00:17,Tsimane,Bolivia,F
TSI09A,0:00:14,Tsimane,Bolivia,F
TSI09B,0:00:09,Tsimane,Bolivia,F
TSI09C,0:00:14,Tsimane,Bolivia,F
TSI09D,0:00:07,Tsimane,Bolivia,F
TSI10A,0:00:08,Tsimane,Bolivia,F
TSI10B,0:00:04,Tsimane,Bolivia,F
TSI10C,0:00:33,Tsimane,Bolivia,F
TSI10D,0:00:05,Tsimane,Bolivia,F
TSI11A,0:00:27,Tsimane,Bolivia,NS
TSI11B,0:00:32,Tsimane,Bolivia,NS
TSI11C,0:00:26,Tsimane,Bolivia,NS
TSI11D,0:00:30,Tsimane,Bolivia,NS
TSI12A,0:00:36,Tsimane,Bolivia,F
TSI12B,0:00:22,Tsimane,Bolivia,F
TSI12C,0:00:29,Tsimane,Bolivia,F
TSI12D,0:00:39,Tsimane,Bolivia,F
TSI13A,0:00:21,Tsimane,Bolivia,NS
TSI13B,0:00:25,Tsimane,Bolivia,NS
TSI13C,0:00:22,Tsimane,Bolivia,NS
TSI13D,0:00:37,Tsimane,Bolivia,NS
TUR01A,0:01:04,Turku,Finland,F
TUR01B,0:00:45,Turku,Finland,F
TUR01C,0:00:48,Turku,Finland,F
TUR01D,0:01:01,Turku,Finland,F
TUR02A,0:00:22,Turku,Sweden,F
TUR02B,0:00:12,Turku,Sweden,F
TUR02C,0:00:19,Turku,Sweden,F
TUR02D,0:00:08,Turku,Sweden,F
TUR03A,0:00:28,Turku,Finland,F
TUR03B,0:00:21,Turku,Finland,F
TUR03C,0:00:19,Turku,Finland,F
TUR03D,0:00:32,Turku,Finland,F
TUR04A,0:00:41,Turku,Sweden,F
TUR04B,0:00:29,Turku,Sweden,F
TUR04C,0:00:16,Turku,Sweden,F
TUR04D,0:00:26,Turku,Sweden,F
TUR05A,0:00:19,Turku,Finland,F
TUR05B,0:00:17,Turku,Finland,F
TUR05C,0:00:25,Turku,Finland,F
TUR05D,0:00:18,Turku,Finland,F
TUR06A,0:00:14,Turku,Sweden,F
TUR06B,0:00:13,Turku,Sweden,F
TUR06C,0:00:34,Turku,Sweden,F
TUR06D,0:00:36,Turku,Sweden,F
TUR07A,0:00:25,Turku,Finland,F
TUR07B,0:00:19,Turku,Finland,F
TUR07C,0:00:15,Turku,Finland,F
TUR07D,0:00:30,Turku,Finland,F
TUR08A,0:00:27,Turku,Sweden,F
TUR08B,0:00:23,Turku,Sweden,F
TUR08C,0:00:15,Turku,Sweden,F
TUR08D,0:00:30,Turku,Sweden,F
TUR09A,0:00:31,Turku,Finland,M
TUR09B,0:00:13,Turku,Finland,M
TUR09C,0:00:36,Turku,Finland,M
TUR09D,0:00:10,Turku,Finland,M
TUR10A,0:00:21,Turku,Sweden,F
TUR10B,0:00:28,Turku,Sweden,F
TUR10C,0:00:14,Turku,Sweden,F
TUR10D,0:00:22,Turku,Sweden,F
TUR11A,0:00:52,Turku,Finland,F
TUR11B,0:00:11,Turku,Finland,F
TUR11C,0:00:31,Turku,Finland,F
TUR11D,0:00:40,Turku,Finland,F
TUR12A,0:00:24,Turku,Sweden,F
TUR12B,0:00:32,Turku,Sweden,F
TUR12C,0:00:56,Turku,Sweden,F
TUR12D,0:00:43,Turku,Sweden,F
TUR13A,0:00:56,Turku,Finland,M
TUR13B,0:00:22,Turku,Finland,M
TUR13C,0:00:17,Turku,Finland,M
TUR13D,0:00:25,Turku,Finland,M
TUR14A,0:00:34,Turku,Sweden,F
TUR14B,0:00:13,Turku,Sweden,F
TUR14C,0:00:19,Turku,Sweden,F
TUR14D,0:00:12,Turku,Sweden,F
TUR15A,0:00:46,Turku,Finland,F
TUR15B,0:00:23,Turku,Finland,F
TUR15C,0:00:21,Turku,Finland,F
TUR15D,0:00:37,Turku,Finland,F
TUR16A,0:00:16,Turku,Sweden,F
TUR16B,0:00:20,Turku,Sweden,F
TUR16C,0:00:20,Turku,Sweden,F
TUR16D,0:00:26,Turku,Sweden,F
TUR17A,0:00:35,Turku,Finland,F
TUR17B,0:00:20,Turku,Finland,F
TUR17C,0:00:36,Turku,Finland,F
TUR17D,0:00:24,Turku,Finland,F
TUR18A,0:00:39,Turku,Sweden,F
TUR18B,0:00:46,Turku,Sweden,F
TUR18C,0:00:38,Turku,Sweden,F
TUR18D,0:00:43,Turku,Sweden,F
TUR19A,0:00:25,Turku,Finland,F
TUR19B,0:00:17,Turku,Finland,F
TUR19C,0:00:14,Turku,Finland,F
TUR19D,0:00:09,Turku,Finland,F
TUR20A,0:01:07,Turku,Sweden,F
TUR20B,0:00:39,Turku,Sweden,F
TUR20C,0:00:35,Turku,Sweden,F
TUR20D,0:00:37,Turku,Sweden,F
USD01A,0:00:34,Urban San Diego,USA,F
USD01B,0:00:30,Urban San Diego,USA,F
USD01C,0:00:33,Urban San Diego,USA,F
USD01D,0:00:19,Urban San Diego,USA,F
USD02A,0:00:26,Urban San Diego,USA,F
USD02B,0:00:28,Urban San Diego,USA,F
USD02C,0:00:07,Urban San Diego,USA,F
USD02D,0:00:36,Urban San Diego,USA,F
USD03A,0:00:29,Urban San Diego,USA,F
USD03B,0:00:16,Urban San Diego,USA,F
USD03C,0:00:27,Urban San Diego,USA,F
USD03D,0:00:13,Urban San Diego,USA,F
USD04A,0:00:20,Urban San Diego,USA,F
USD04B,0:00:18,Urban San Diego,USA,F
USD04C,0:00:10,Urban San Diego,USA,F
USD04D,0:00:25,Urban San Diego,USA,F
USD05A,0:00:34,Urban San Diego,USA,F
USD05B,0:00:19,Urban San Diego,USA,F
USD05C,0:00:39,Urban San Diego,USA,F
USD05D,0:00:42,Urban San Diego,USA,F
USD06A,0:00:41,Urban San Diego,USA,F
USD06B,0:00:14,Urban San Diego,USA,F
USD06C,0:00:14,Urban San Diego,USA,F
USD06D,0:00:22,Urban San Diego,USA,F
USD07A,0:00:36,Urban San Diego,USA,F
USD07B,0:00:13,Urban San Diego,USA,F
USD07C,0:00:20,Urban San Diego,USA,F
USD07D,0:00:16,Urban San Diego,USA,F
USD08A,0:00:43,Urban San Diego,USA,F
USD08B,0:00:16,Urban San Diego,USA,F
USD08C,0:00:19,Urban San Diego,USA,F
USD08D,0:00:42,Urban San Diego,USA,F
USD09A,0:00:21,Urban San Diego,USA,F
USD09B,0:00:09,Urban San Diego,USA,F
USD09C,0:00:33,Urban San Diego,USA,F
USD09D,0:00:04,Urban San Diego,USA,F
USD10A,0:00:18,Urban San Diego,USA,M
USD10B,0:00:14,Urban San Diego,USA,M
USD10C,0:00:15,Urban San Diego,USA,M
USD10D,0:00:02,Urban San Diego,USA,M
USD11A,0:00:16,Urban San Diego,USA,F
USD11B,0:00:08,Urban San Diego,USA,F
USD11C,0:00:09,Urban San Diego,USA,F
USD11D,0:00:16,Urban San Diego,USA,F
USD12A,0:00:19,Urban San Diego,USA,F
USD12B,0:00:11,Urban San Diego,USA,F
USD12C,0:00:05,Urban San Diego,USA,F
USD12D,0:00:10,Urban San Diego,USA,F
USD13A,0:00:10,Urban San Diego,USA,F
USD13B,0:00:16,Urban San Diego,USA,F
USD13C,0:00:13,Urban San Diego,USA,F
USD13D,0:00:36,Urban San Diego,USA,F
USD14A,0:00:19,Urban San Diego,USA,F
USD14B,0:00:15,Urban San Diego,USA,F
USD14C,0:00:28,Urban San Diego,USA,F
USD14D,0:00:25,Urban San Diego,USA,F
USD15A,0:00:22,Urban San Diego,USA,F
USD15B,0:00:14,Urban San Diego,USA,F
USD15C,0:00:14,Urban San Diego,USA,F
USD15D,0:00:26,Urban San Diego,USA,F
USD16A,0:00:10,Urban San Diego,USA,F
USD16B,0:00:04,Urban San Diego,USA,F
USD16C,0:00:19,Urban San Diego,USA,F
USD16D,0:00:25,Urban San Diego,USA,F
USD17A,0:00:20,Urban San Diego,USA,F
USD17B,0:00:23,Urban San Diego,USA,F
USD17C,0:00:40,Urban San Diego,USA,F
USD17D,0:00:40,Urban San Diego,USA,F
USD18A,0:00:26,Urban San Diego,USA,F
USD18B,0:00:25,Urban San Diego,USA,F
USD18C,0:00:40,Urban San Diego,USA,F
USD18D,0:00:20,Urban San Diego,USA,F
USD19A,0:00:25,Urban San Diego,USA,F
USD19B,0:00:20,Urban San Diego,USA,F
USD19C,0:00:17,Urban San Diego,USA,F
USD19D,0:00:25,Urban San Diego,USA,F
USD20A,0:00:42,Urban San Diego,USA,F
USD20B,0:00:26,Urban San Diego,USA,F
USD20C,0:00:33,Urban San Diego,USA,F
USD20D,0:00:36,Urban San Diego,USA,F
USD21A,0:00:18,Urban San Diego,USA,F
USD21B,0:00:14,Urban San Diego,USA,F
USD21C,0:00:10,Urban San Diego,USA,F
USD21D,0:00:12,Urban San Diego,USA,F
USD22A,0:00:13,Urban San Diego,USA,F
USD22B,0:00:11,Urban San Diego,USA,F
USD22C,0:00:30,Urban San Diego,USA,F
USD22D,0:00:23,Urban San Diego,USA,F
USD23A,0:00:36,Urban San Diego,USA,F
USD23B,0:00:28,Urban San Diego,USA,F
USD23C,0:00:32,Urban San Diego,USA,F
USD23D,0:00:13,Urban San Diego,USA,F
USD24A,0:00:25,Urban San Diego,USA,F
USD24B,0:00:27,Urban San Diego,USA,F
USD24C,0:00:19,Urban San Diego,USA,F
USD24D,0:00:24,Urban San Diego,USA,F
USD25A,0:00:17,Urban San Diego,USA,F
USD25B,0:00:28,Urban San Diego,USA,F
USD25C,0:00:31,Urban San Diego,USA,F
USD25D,0:00:26,Urban San Diego,USA,F
USD26A,0:00:26,Urban San Diego,USA,F
USD26B,0:00:19,Urban San Diego,USA,F
USD26C,0:00:14,Urban San Diego,USA,F
USD26D,0:00:44,Urban San Diego,USA,F
USD27A,0:00:33,Urban San Diego,USA,F
USD27B,0:00:29,Urban San Diego,USA,F
USD27C,0:00:21,Urban San Diego,USA,F
USD27D,0:00:33,Urban San Diego,USA,F
USD28A,0:00:20,Urban San Diego,USA,F
USD28B,0:00:19,Urban San Diego,USA,F
USD28C,0:00:29,Urban San Diego,USA,F
USD28D,0:00:24,Urban San Diego,USA,F
USD29A,0:00:49,Urban San Diego,USA,M
USD29B,0:00:18,Urban San Diego,USA,M
USD29C,0:00:23,Urban San Diego,USA,M
USD29D,0:00:15,Urban San Diego,USA,M
VAN01A,0:00:44,Vanuatu,Vanuatu,F
VAN01B,0:00:20,Vanuatu,Vanuatu,F
VAN01C,0:00:32,Vanuatu,Vanuatu,F
VAN01D,0:00:38,Vanuatu,Vanuatu,F
VAN02A,0:00:20,Vanuatu,Vanuatu,F
VAN02B,0:00:09,Vanuatu,Vanuatu,F
VAN02C,0:00:22,Vanuatu,Vanuatu,F
VAN02D,0:00:36,Vanuatu,Vanuatu,F
VAN03A,0:00:25,Vanuatu,Vanuatu,F
VAN03B,0:00:08,Vanuatu,Vanuatu,F
VAN04A,0:00:12,Vanuatu,Vanuatu,F
VAN04B,0:00:23,Vanuatu,Vanuatu,F
VAN04C,0:00:31,Vanuatu,Vanuatu,F
VAN04D,0:00:16,Vanuatu,Vanuatu,F
VAN05A,0:00:29,Vanuatu,Vanuatu,F
VAN05B,0:00:21,Vanuatu,Vanuatu,F
VAN05C,0:00:15,Vanuatu,Vanuatu,F
VAN05D,0:00:40,Vanuatu,Vanuatu,F
VAN06A,0:00:30,Vanuatu,Vanuatu,F
VAN06B,0:00:25,Vanuatu,Vanuatu,F
VAN06C,0:00:41,Vanuatu,Vanuatu,F
VAN06D,0:00:37,Vanuatu,Vanuatu,F
VAN07A,0:00:22,Vanuatu,Vanuatu,F
VAN07B,0:00:19,Vanuatu,Vanuatu,F
VAN07C,0:00:33,Vanuatu,Vanuatu,F
VAN07D,0:00:11,Vanuatu,Vanuatu,F
VAN08A,0:00:22,Vanuatu,Vanuatu,F
VAN08B,0:00:05,Vanuatu,Vanuatu,F
VAN08C,0:00:35,Vanuatu,Vanuatu,F
VAN08D,0:00:28,Vanuatu,Vanuatu,F
VAN09A,0:00:47,Vanuatu,Vanuatu,F
VAN09B,0:00:40,Vanuatu,Vanuatu,F
VAN09C,0:00:37,Vanuatu,Vanuatu,F
VAN09D,0:00:35,Vanuatu,Vanuatu,F
VAN10A,0:00:19,Vanuatu,Vanuatu,M
VAN10B,0:00:17,Vanuatu,Vanuatu,M
VAN10C,0:00:20,Vanuatu,Vanuatu,M
VAN10D,0:00:22,Vanuatu,Vanuatu,M
VAN11A,0:00:26,Vanuatu,Vanuatu,M
VAN11B,0:00:03,Vanuatu,Vanuatu,M
VAN11C,0:00:29,Vanuatu,Vanuatu,M
VAN11D,0:00:22,Vanuatu,Vanuatu,M
VAN12A,0:00:15,Vanuatu,Vanuatu,F
VAN12B,0:00:16,Vanuatu,Vanuatu,F
VAN12C,0:00:35,Vanuatu,Vanuatu,F
VAN12D,0:00:26,Vanuatu,Vanuatu,F
VAN13A,0:00:24,Vanuatu,Vanuatu,F
VAN13B,0:00:06,Vanuatu,Vanuatu,F
VAN13C,0:00:28,Vanuatu,Vanuatu,F
VAN13D,0:00:20,Vanuatu,Vanuatu,F
VAN14A,0:00:36,Vanuatu,Vanuatu,F
VAN14B,0:00:22,Vanuatu,Vanuatu,F
VAN14C,0:00:32,Vanuatu,Vanuatu,F
VAN14D,0:00:14,Vanuatu,Vanuatu,F
VAN15A,0:00:35,Vanuatu,Vanuatu,M
VAN15B,0:00:09,Vanuatu,Vanuatu,M
VAN15C,0:01:01,Vanuatu,Vanuatu,M
VAN15D,0:00:15,Vanuatu,Vanuatu,M
VAN16A,0:00:13,Vanuatu,Vanuatu,F
VAN16B,0:00:19,Vanuatu,Vanuatu,F
VAN16C,0:00:50,Vanuatu,Vanuatu,F
VAN16D,0:00:27,Vanuatu,Vanuatu,F
VAN17A,0:00:26,Vanuatu,Vanuatu,F
VAN17B,0:00:12,Vanuatu,Vanuatu,F
VAN17C,0:00:36,Vanuatu,Vanuatu,F
VAN17D,0:00:32,Vanuatu,Vanuatu,F
VAN18A,0:00:55,Vanuatu,Vanuatu,M
VAN18B,0:00:20,Vanuatu,Vanuatu,M
VAN18C,0:00:37,Vanuatu,Vanuatu,M
VAN18D,0:00:27,Vanuatu,Vanuatu,M
VAN19A,0:00:21,Vanuatu,Vanuatu,F
VAN19B,0:00:15,Vanuatu,Vanuatu,F
VAN19C,0:00:32,Vanuatu,Vanuatu,F
VAN19D,0:00:18,Vanuatu,Vanuatu,F
VAN20A,0:00:27,Vanuatu,Vanuatu,F
VAN20B,0:00:08,Vanuatu,Vanuatu,F
VAN20C,0:00:31,Vanuatu,Vanuatu,F
VAN20D,0:00:21,Vanuatu,Vanuatu,F
VAN21A,0:00:36,Vanuatu,Vanuatu,M
VAN21B,0:00:14,Vanuatu,Vanuatu,M
VAN21C,0:00:24,Vanuatu,Vanuatu,M
VAN21D,0:00:26,Vanuatu,Vanuatu,M
VAN22A,0:00:23,Vanuatu,Vanuatu,F
VAN22B,0:00:14,Vanuatu,Vanuatu,F
VAN22C,0:00:28,Vanuatu,Vanuatu,F
VAN22D,0:00:14,Vanuatu,Vanuatu,F
VAN23A,0:00:36,Vanuatu,Vanuatu,M
VAN23B,0:00:16,Vanuatu,Vanuatu,M
VAN23C,0:00:23,Vanuatu,Vanuatu,M
VAN23D,0:00:35,Vanuatu,Vanuatu,M
WEL01A,0:00:47,Urban Wellington,New Zealand,F
WEL01B,0:00:11,Urban Wellington,New Zealand,F
WEL01C,0:00:25,Urban Wellington,New Zealand,F
WEL01D,0:00:28,Urban Wellington,New Zealand,F
WEL02A,0:00:13,Urban Wellington,New Zealand,F
WEL02B,0:00:09,Urban Wellington,New Zealand,F
WEL02C,0:00:09,Urban Wellington,New Zealand,F
WEL02D,0:00:08,Urban Wellington,New Zealand,F
WEL03A,0:00:24,Urban Wellington,New Zealand,F
WEL03B,0:00:05,Urban Wellington,New Zealand,F
WEL03C,0:00:17,Urban Wellington,New Zealand,F
WEL03D,0:00:16,Urban Wellington,New Zealand,F
WEL04A,0:00:23,Urban Wellington,New Zealand,F
WEL04B,0:00:18,Urban Wellington,New Zealand,F
WEL04C,0:00:15,Urban Wellington,New Zealand,F
WEL04D,0:00:21,Urban Wellington,New Zealand,F
WEL05A,0:00:18,Urban Wellington,New Zealand,F
WEL05B,0:00:06,Urban Wellington,New Zealand,F
WEL05C,0:00:17,Urban Wellington,New Zealand,F
WEL05D,0:00:16,Urban Wellington,New Zealand,F
WEL06A,0:00:16,Urban Wellington,New Zealand,M
WEL06B,0:00:18,Urban Wellington,New Zealand,M
WEL06C,0:00:14,Urban Wellington,New Zealand,M
WEL06D,0:00:17,Urban Wellington,New Zealand,M
WEL07A,0:00:25,Urban Wellington,New Zealand,F
WEL07B,0:00:25,Urban Wellington,New Zealand,F
WEL07C,0:00:25,Urban Wellington,New Zealand,F
WEL07D,0:00:28,Urban Wellington,New Zealand,F
WEL08A,0:00:47,Urban Wellington,New Zealand,F
WEL08B,0:00:28,Urban Wellington,New Zealand,F
WEL08C,0:00:48,Urban Wellington,New Zealand,F
WEL08D,0:00:28,Urban Wellington,New Zealand,F
WEL09A,0:00:33,Urban Wellington,New Zealand,F
WEL09B,0:00:33,Urban Wellington,New Zealand,F
WEL09C,0:00:33,Urban Wellington,New Zealand,F
WEL09D,0:00:26,Urban Wellington,New Zealand,F
WEL10A,0:00:57,Urban Wellington,New Zealand,F
WEL10B,0:01:10,Urban Wellington,New Zealand,F
WEL10C,0:01:22,Urban Wellington,New Zealand,F
WEL10D,0:00:39,Urban Wellington,New Zealand,F
WEL11A,0:00:48,Urban Wellington,New Zealand,M
WEL11B,0:00:25,Urban Wellington,New Zealand,M
WEL11C,0:00:35,Urban Wellington,New Zealand,M
WEL11D,0:00:24,Urban Wellington,New Zealand,M
WEL12A,0:00:59,Urban Wellington,New Zealand,F
WEL12B,0:00:31,Urban Wellington,New Zealand,F
WEL12C,0:00:59,Urban Wellington,New Zealand,F
WEL12D,0:00:28,Urban Wellington,New Zealand,F
WEL13A,0:01:15,Urban Wellington,New Zealand,F
WEL13B,0:00:21,Urban Wellington,New Zealand,F
WEL13C,0:00:47,Urban Wellington,New Zealand,F
WEL13D,0:00:24,Urban Wellington,New Zealand,F
WEL14A,0:00:53,Urban Wellington,New Zealand,F
WEL14B,0:00:24,Urban Wellington,New Zealand,F
WEL14C,0:00:44,Urban Wellington,New Zealand,F
WEL14D,0:00:36,Urban Wellington,New Zealand,F
WEL15A,0:00:29,Urban Wellington,New Zealand,F
WEL15B,0:00:35,Urban Wellington,New Zealand,F
WEL15C,0:00:32,Urban Wellington,New Zealand,F
WEL15D,0:00:30,Urban Wellington,New Zealand,F
WEL16A,0:00:27,Urban Wellington,New Zealand,F
WEL16B,0:00:25,Urban Wellington,New Zealand,F
WEL16C,0:00:24,Urban Wellington,New Zealand,F
WEL16D,0:00:25,Urban Wellington,New Zealand,F
WEL17A,0:00:26,Urban Wellington,New Zealand,F
WEL17B,0:00:26,Urban Wellington,New Zealand,F
WEL17C,0:00:26,Urban Wellington,New Zealand,F
WEL17D,0:00:17,Urban Wellington,New Zealand,F
WEL18A,0:01:06,Urban Wellington,New Zealand,F
WEL18B,0:00:32,Urban Wellington,New Zealand,F
WEL18C,0:00:44,Urban Wellington,New Zealand,F
WEL18D,0:00:19,Urban Wellington,New Zealand,F
WEL19A,0:00:34,Urban Wellington,New Zealand,M
WEL19B,0:00:35,Urban Wellington,New Zealand,M
WEL19C,0:00:43,Urban Wellington,New Zealand,M
WEL19D,0:00:28,Urban Wellington,New Zealand,M
WEL20A,0:01:59,Urban Wellington,New Zealand,F
WEL20B,0:01:35,Urban Wellington,New Zealand,F
WEL20C,0:01:02,Urban Wellington,New Zealand,F
WEL20D,0:00:26,Urban Wellington,New Zealand,F
WEL21A,0:00:45,Urban Wellington,New Zealand,F
WEL21B,0:00:26,Urban Wellington,New Zealand,F
WEL21C,0:00:15,Urban Wellington,New Zealand,F
WEL21D,0:00:27,Urban Wellington,New Zealand,F
WEL22A,0:00:45,Urban Wellington,New Zealand,F
WEL22B,0:00:26,Urban Wellington,New Zealand,F
WEL22C,0:00:34,Urban Wellington,New Zealand,F
WEL22D,0:00:36,Urban Wellington,New Zealand,F
WEL23A,0:00:58,Urban Wellington,New Zealand,F
WEL23B,0:00:32,Urban Wellington,New Zealand,F
WEL23C,0:00:34,Urban Wellington,New Zealand,F
WEL23D,0:00:29,Urban Wellington,New Zealand,F
WEL24A,0:00:30,Urban Wellington,New Zealand,F
WEL24B,0:00:39,Urban Wellington,New Zealand,F
WEL24C,0:00:36,Urban Wellington,New Zealand,F
WEL24D,0:00:34,Urban Wellington,New Zealand,F
WEL25A,0:00:59,Urban Wellington,New Zealand,F
WEL25B,0:00:25,Urban Wellington,New Zealand,F
WEL25C,0:00:27,Urban Wellington,New Zealand,F
WEL25D,0:00:27,Urban Wellington,New Zealand,F
WEL26A,0:00:23,Urban Wellington,New Zealand,F
WEL26B,0:00:31,Urban Wellington,New Zealand,F
WEL26C,0:00:33,Urban Wellington,New Zealand,F
WEL26D,0:00:26,Urban Wellington,New Zealand,F
WEL27A,0:00:48,Urban Wellington,New Zealand,F
WEL27B,0:00:23,Urban Wellington,New Zealand,F
WEL27C,0:00:32,Urban Wellington,New Zealand,F
WEL27D,0:00:26,Urban Wellington,New Zealand,F
WEL28A,0:00:42,Urban Wellington,New Zealand,F
WEL28B,0:00:25,Urban Wellington,New Zealand,F
WEL28C,0:00:24,Urban Wellington,New Zealand,F
WEL28D,0:00:29,Urban Wellington,New Zealand,F
WEL29A,0:00:26,Urban Wellington,New Zealand,F
WEL29B,0:01:17,Urban Wellington,New Zealand,F
WEL29C,0:01:00,Urban Wellington,New Zealand,F
WEL29D,0:00:39,Urban Wellington,New Zealand,F
WEL30A,0:00:28,Urban Wellington,New Zealand,F
WEL30B,0:00:24,Urban Wellington,New Zealand,F
WEL30C,0:00:17,Urban Wellington,New Zealand,F
WEL30D,0:00:21,Urban Wellington,New Zealand,F
WEL31A,0:00:36,Urban Wellington,New Zealand,F
WEL31B,0:00:21,Urban Wellington,New Zealand,F
WEL31C,0:00:28,Urban Wellington,New Zealand,F
WEL31D,0:00:23,Urban Wellington,New Zealand,F
WEL32A,0:00:52,Urban Wellington,New Zealand,F
WEL32B,0:00:17,Urban Wellington,New Zealand,F
WEL32C,0:00:32,Urban Wellington,New Zealand,F
WEL32D,0:00:41,Urban Wellington,New Zealand,F
WEL33A,0:00:31,Urban Wellington,New Zealand,F
WEL33B,0:00:31,Urban Wellington,New Zealand,F
WEL33C,0:00:26,Urban Wellington,New Zealand,F
WEL33D,0:00:25,Urban Wellington,New Zealand,F
WEL34A,0:00:23,Urban Wellington,New Zealand,F
WEL34B,0:00:25,Urban Wellington,New Zealand,F
WEL34C,0:00:44,Urban Wellington,New Zealand,F
WEL34D,0:00:17,Urban Wellington,New Zealand,F
WEL35A,0:00:28,Urban Wellington,New Zealand,F
WEL35B,0:00:30,Urban Wellington,New Zealand,F
WEL35C,0:00:37,Urban Wellington,New Zealand,F
WEL35D,0:00:23,Urban Wellington,New Zealand,F
WEL36A,0:00:30,Urban Wellington,New Zealand,F
WEL36B,0:00:25,Urban Wellington,New Zealand,F
WEL36C,0:00:13,Urban Wellington,New Zealand,F
WEL36D,0:00:22,Urban Wellington,New Zealand,F
WEL37A,0:00:32,Urban Wellington,New Zealand,M
WEL37B,0:00:28,Urban Wellington,New Zealand,M
WEL37C,0:00:28,Urban Wellington,New Zealand,M
WEL37D,0:00:25,Urban Wellington,New Zealand,M
WEL38A,0:00:31,Urban Wellington,New Zealand,F
WEL38B,0:00:49,Urban Wellington,New Zealand,F
WEL38C,0:00:31,Urban Wellington,New Zealand,F
WEL38D,0:00:41,Urban Wellington,New Zealand,F
WEL39A,0:00:25,Urban Wellington,New Zealand,F
WEL39B,0:00:28,Urban Wellington,New Zealand,F
WEL39C,0:00:31,Urban Wellington,New Zealand,F
WEL39D,0:00:26,Urban Wellington,New Zealand,F
WEL40A,0:00:20,Urban Wellington,New Zealand,F
WEL40B,0:00:14,Urban Wellington,New Zealand,F
WEL40C,0:00:20,Urban Wellington,New Zealand,F
WEL40D,0:00:16,Urban Wellington,New Zealand,F
WEL41A,0:00:30,Urban Wellington,New Zealand,F
WEL41B,0:00:23,Urban Wellington,New Zealand,F
WEL41C,0:00:26,Urban Wellington,New Zealand,F
WEL41D,0:00:27,Urban Wellington,New Zealand,F
WEL42A,0:00:44,Urban Wellington,New Zealand,F
WEL42B,0:00:09,Urban Wellington,New Zealand,F
WEL42C,0:00:27,Urban Wellington,New Zealand,F
WEL42D,0:00:21,Urban Wellington,New Zealand,F
WEL43A,0:00:30,Urban Wellington,New Zealand,M
WEL43B,0:00:27,Urban Wellington,New Zealand,M
WEL43C,0:00:31,Urban Wellington,New Zealand,M
WEL43D,0:00:26,Urban Wellington,New Zealand,M
WEL44A,0:00:36,Urban Wellington,New Zealand,M
WEL44B,0:00:25,Urban Wellington,New Zealand,M
WEL44C,0:00:28,Urban Wellington,New Zealand,M
WEL44D,0:00:33,Urban Wellington,New Zealand,M
WEL45A,0:00:24,Urban Wellington,New Zealand,F
WEL45B,0:00:25,Urban Wellington,New Zealand,F
WEL45C,0:00:27,Urban Wellington,New Zealand,F
WEL45D,0:00:26,Urban Wellington,New Zealand,F
WEL46A,0:00:30,Urban Wellington,New Zealand,F
WEL46B,0:00:21,Urban Wellington,New Zealand,F
WEL46C,0:00:17,Urban Wellington,New Zealand,F
WEL46D,0:00:25,Urban Wellington,New Zealand,F
WEL47A,0:00:27,Urban Wellington,New Zealand,F
WEL47B,0:00:26,Urban Wellington,New Zealand,F
WEL47C,0:00:26,Urban Wellington,New Zealand,F
WEL47D,0:00:29,Urban Wellington,New Zealand,F
WEL48A,0:00:32,Urban Wellington,New Zealand,F
WEL48B,0:00:34,Urban Wellington,New Zealand,F
WEL48C,0:00:35,Urban Wellington,New Zealand,F
WEL48D,0:00:30,Urban Wellington,New Zealand,F
WEL49A,0:00:27,Urban Wellington,New Zealand,F
WEL49B,0:00:25,Urban Wellington,New Zealand,F
WEL49C,0:00:29,Urban Wellington,New Zealand,F
WEL49D,0:00:25,Urban Wellington,New Zealand,F
WEL50A,0:00:33,Urban Wellington,New Zealand,F
WEL50B,0:00:27,Urban Wellington,New Zealand,F
WEL50C,0:00:28,Urban Wellington,New Zealand,F
WEL50D,0:00:26,Urban Wellington,New Zealand,F
WEL51A,0:00:26,Urban Wellington,New Zealand,M
WEL51B,0:00:26,Urban Wellington,New Zealand,M
WEL51C,0:00:24,Urban Wellington,New Zealand,M
WEL51D,0:00:23,Urban Wellington,New Zealand,M
WEL52A,0:00:26,Urban Wellington,New Zealand,F
WEL52B,0:00:25,Urban Wellington,New Zealand,F
WEL52C,0:00:19,Urban Wellington,New Zealand,F
WEL52D,0:00:20,Urban Wellington,New Zealand,F
WEL53A,0:00:34,Urban Wellington,New Zealand,F
WEL53B,0:00:28,Urban Wellington,New Zealand,F
WEL53C,0:00:28,Urban Wellington,New Zealand,F
WEL53D,0:00:29,Urban Wellington,New Zealand,F
WEL54A,0:00:25,Urban Wellington,New Zealand,F
WEL54B,0:00:26,Urban Wellington,New Zealand,F
WEL54C,0:00:29,Urban Wellington,New Zealand,F
WEL54D,0:00:25,Urban Wellington,New Zealand,F
WEL55A,0:00:26,Urban Wellington,New Zealand,F
WEL55B,0:00:24,Urban Wellington,New Zealand,F
WEL55C,0:00:26,Urban Wellington,New Zealand,F
WEL55D,0:00:25,Urban Wellington,New Zealand,F
WEL56A,0:00:26,Urban Wellington,New Zealand,F
WEL56B,0:00:25,Urban Wellington,New Zealand,F
WEL56C,0:00:30,Urban Wellington,New Zealand,F
WEL56D,0:00:27,Urban Wellington,New Zealand,F
WEL57A,0:00:27,Urban Wellington,New Zealand,F
WEL57B,0:00:21,Urban Wellington,New Zealand,F
WEL57C,0:00:24,Urban Wellington,New Zealand,F
WEL57D,0:00:24,Urban Wellington,New Zealand,F
